"Station Name","LOIS RIVER DAM"
"Province","BRITISH COLUMBIA"
"Latitude","49.80"
"Longitude","-124.32"
"Elevation","157.00"
"Climate Identifier","1044710"
"WMO Identifier",""
"TC Identifier",""

"Legend"
"B","More than one occurrence and estimated"
"E","Estimated"
"M","Missing"
"S","More than one occurrence"
"T","Trace"
"[empty]","No data available"
"^","The value displayed is based on incomplete data"

"Date/Time","Year","Month","Mean Max Temp (°C)","Mean Max Temp Flag","Mean Min Temp (°C)","Mean Min Temp Flag","Mean Temp (°C)","Mean Temp Flag","Extr Max Temp (°C)","Extr Max Temp Flag","Extr Min Temp (°C)","Extr Min Temp Flag","Total Rain (mm)","Total Rain Flag","Total Snow (cm)","Total Snow Flag","Total Precip (mm)","Total Precip Flag","Snow Grnd Last Day (cm)","Snow Grnd Last Day Flag","Dir of Max Gust (10's deg)","Dir of Max Gust Flag","Spd of Max Gust (km/h)","Spd of Max Gust Flag"
"1931-01","1931","01","","","","","","","","","","","","M","","M","","M","","",,"",,""
"1931-02","1931","02","","","","","","","","","","","","M","","M","","M","","",,"",,""
"1931-03","1931","03","","","","","","","","","","","","M","","M","","M","","",,"",,""
"1931-04","1931","04","","","","","","","","","","","62.0","","0.0","","62.0","","","",,"",,""
"1931-05","1931","05","","","","","","","","","","","32.8","","0.0","","32.8","","","",,"",,""
"1931-06","1931","06","","","","","","","","","","","183.1","","0.0","","183.1","","","",,"",,""
"1931-07","1931","07","","","","","","","","","","","36.1","","0.0","","36.1","","","",,"",,""
"1931-08","1931","08","","","","","","","","","","","17.8","","0.0","","17.8","","","",,"",,""
"1931-09","1931","09","","","","","","","","","","","176.0","","0.0","","176.0","","","",,"",,""
"1931-10","1931","10","","","","","","","","","","","148.8","","0.0","","148.8","","","",,"",,""
"1931-11","1931","11","","","","","","","","","","","156.7","","0.0","","156.7","","","",,"",,""
"1931-12","1931","12","","","","","","","","","","","261.6","","0.0","","261.6","","","",,"",,""
"1932-01","1932","01","","","","","","","","","","","126.5","","17.8","","144.3","","","",,"",,""
"1932-02","1932","02","","","","","","","","","","","110.5","","8.9","","119.4","","","",,"",,""
"1932-03","1932","03","","","","","","","","","","","149.4","","0.0","","149.4","","","",,"",,""
"1932-04","1932","04","","","","","","","","","","","110.2","","0.0","","110.2","","","",,"",,""
"1932-05","1932","05","","","","","","","","","","","45.2","","0.0","","45.2","","","",,"",,""
"1932-06","1932","06","","","","","","","","","","","30.5","","0.0","","30.5","","","",,"",,""
"1932-07","1932","07","","","","","","","","","","","144.0","","0.0","","144.0","","","",,"",,""
"1932-08","1932","08","","","","","","","","","","","43.7","","0.0","","43.7","","","",,"",,""
"1932-09","1932","09","","","","","","","","","","","48.5","","0.0","","48.5","","","",,"",,""
"1932-10","1932","10","","","","","","","","","","","132.6","","0.0","","132.6","","","",,"",,""
"1932-11","1932","11","","","","","","","","","","","230.4","","0.0","","230.4","","","",,"",,""
"1932-12","1932","12","","","","","","","","","","","117.9","","0.0","","117.9","","","",,"",,""
"1933-01","1933","01","","","","","","","","","","","140.5","","24.1","","164.6","","","",,"",,""
"1933-02","1933","02","","","","","","","","","","","126.7","","36.8","","163.6","","","",,"",,""
"1933-03","1933","03","","","","","","","","","","","126.0","","3.8","","129.8","","","",,"",,""
"1933-04","1933","04","","","","","","","","","","","24.4","","0.0","","24.4","","","",,"",,""
"1933-05","1933","05","","","","","","","","","","","160.8","","0.0","","160.8","","","",,"",,""
"1933-06","1933","06","","","","","","","","","","","68.6","","0.0","","68.6","","","",,"",,""
"1933-07","1933","07","","","","","","","","","","","53.3","","0.0","","53.3","","","",,"",,""
"1933-08","1933","08","","","","","","","","","","","48.3","","0.0","","48.3","","","",,"",,""
"1933-09","1933","09","","","","","","","","","","","221.7","","0.0","","221.7","","","",,"",,""
"1933-10","1933","10","","","","","","","","","","","206.8","","0.0","","206.8","","","",,"",,""
"1933-11","1933","11","","","","","","","","","","","96.8","","0.0","","96.8","","","",,"",,""
"1933-12","1933","12","","","","","","","","","","","270.5","","33.0","","303.5","","","",,"",,""
"1934-01","1934","01","","","","","","","","","","","210.8","","0.0","","210.8","","","",,"",,""
"1934-02","1934","02","","","","","","","","","","","83.1","","0.0","","83.1","","","",,"",,""
"1934-03","1934","03","","","","","","","","","","","106.9","","2.5","","109.5","","","",,"",,""
"1934-04","1934","04","","","","","","","","","","","28.2","","0.0","","28.2","","","",,"",,""
"1934-05","1934","05","","","","","","","","","","","89.2","","0.0","","89.2","","","",,"",,""
"1934-06","1934","06","","","","","","","","","","","12.2","","0.0","","12.2","","","",,"",,""
"1934-07","1934","07","","","","","","","","","","","83.8","","0.0","","83.8","","","",,"",,""
"1934-08","1934","08","","","","","","","","","","","62.0","","0.0","","62.0","","","",,"",,""
"1934-09","1934","09","","","","","","","","","","","113.0","","0.0","","113.0","","","",,"",,""
"1934-10","1934","10","","","","","","","","","","","174.8","","0.0","","174.8","","","",,"",,""
"1934-11","1934","11","","","","","","","","","","","284.2","","0.0","","284.2","","","",,"",,""
"1934-12","1934","12","","","","","","","","","","","188.0","","83.3","","271.3","","","",,"",,""
"1935-01","1935","01","","","","","","","","","","","334.0","","116.8","","450.9","","","",,"",,""
"1935-02","1935","02","","","","","","","","","","","133.9","","0.0","","133.9","","","",,"",,""
"1935-03","1935","03","","","","","","","","","","","154.7","","18.5","","173.2","","","",,"",,""
"1935-04","1935","04","","","","","","","","","","","77.7","","0.0","","77.7","","","",,"",,""
"1935-05","1935","05","","","","","","","","","","","11.7","","0.0","","11.7","","","",,"",,""
"1935-06","1935","06","","","","","","","","","","","37.1","","0.0","","37.1","","","",,"",,""
"1935-07","1935","07","","","","","","","","","","","95.5","","0.0","","95.5","","","",,"",,""
"1935-08","1935","08","","","","","","","","","","","21.1","","0.0","","21.1","","","",,"",,""
"1935-09","1935","09","","","","","","","","","","","65.3","","0.0","","65.3","","","",,"",,""
"1935-10","1935","10","","","","","","","","","","","84.3","","0.0","","84.3","","","",,"",,""
"1935-11","1935","11","","","","","","","","","","","124.2","","0.0","","124.2","","","",,"",,""
"1935-12","1935","12","","","","","","","","","","","201.4","","0.0","","201.4","","","",,"",,""
"1936-01","1936","01","","","","","","","","","","","149.6","","0.0","","149.6","","","",,"",,""
"1936-02","1936","02","","","","","","","","","","","45.7","","71.1","","116.8","","","",,"",,""
"1936-03","1936","03","","","","","","","","","","","123.7","","10.2","","133.9","","","",,"",,""
"1936-04","1936","04","","","","","","","","","","","74.2","","0.0","","74.2","","","",,"",,""
"1936-05","1936","05","","","","","","","","","","","133.6","","0.0","","133.6","","","",,"",,""
"1936-06","1936","06","","","","","","","","","","","121.7","","0.0","","121.7","","","",,"",,""
"1936-07","1936","07","","","","","","","","","","","86.9","","0.0","","86.9","","","",,"",,""
"1936-08","1936","08","","","","","","","","","","","104.1","","0.0","","104.1","","","",,"",,""
"1936-09","1936","09","","","","","","","","","","","61.5","","0.0","","61.5","","","",,"",,""
"1936-10","1936","10","","","","","","","","","","","88.4","","0.0","","88.4","","","",,"",,""
"1936-11","1936","11","","","","","","","","","","","76.2","","0.0","","76.2","","","",,"",,""
"1936-12","1936","12","","","","","","","","","","","208.5","","3.8","","212.3","","","",,"",,""
"1937-01","1937","01","","","","","","","","","","","0.0","","62.2","","62.2","","","",,"",,""
"1937-02","1937","02","","","","","","","","","","","68.1","","67.3","","135.4","","","",,"",,""
"1937-03","1937","03","","","","","","","","","","","99.1","","0.0","","99.1","","","",,"",,""
"1937-04","1937","04","","","","","","","","","","","151.9","","0.0","","151.9","","","",,"",,""
"1937-05","1937","05","","","","","","","","","","","96.8","","0.0","","96.8","","","",,"",,""
"1937-06","1937","06","","","","","","","","","","","117.6","","0.0","","117.6","","","",,"",,""
"1937-07","1937","07","","","","","","","","","","","7.4","","0.0","","7.4","","","",,"",,""
"1937-08","1937","08","","","","","","","","","","","107.4","","0.0","","107.4","","","",,"",,""
"1937-09","1937","09","","","","","","","","","","","75.7","","0.0","","75.7","","","",,"",,""
"1937-10","1937","10","","","","","","","","","","","152.7","","0.0","","152.7","","","",,"",,""
"1937-11","1937","11","","","","","","","","","","","216.9","","0.0","","216.9","","","",,"",,""
"1937-12","1937","12","","","","","","","","","","","112.3","","81.3","","193.5","","","",,"",,""
"1938-01","1938","01","","","","","","","","","","","101.9","","27.9","","129.8","","","",,"",,""
"1938-02","1938","02","","","","","","","","","","","95.8","","30.5","","126.2","","","",,"",,""
"1938-03","1938","03","","","","","","","","","","","107.7","","3.8","","111.5","","","",,"",,""
"1938-04","1938","04","","","","","","","","","","","59.9","","0.0","","59.9","","","",,"",,""
"1938-05","1938","05","","","","","","","","","","","74.7","","0.0","","74.7","","","",,"",,""
"1938-06","1938","06","","","","","","","","","","","7.6","","0.0","","7.6","","","",,"",,""
"1938-07","1938","07","","","","","","","","","","","17.5","","0.0","","17.5","","","",,"",,""
"1938-08","1938","08","","","","","","","","","","","20.1","","0.0","","20.1","","","",,"",,""
"1938-09","1938","09","","","","","","","","","","","69.6","","0.0","","69.6","","","",,"",,""
"1938-10","1938","10","","","","","","","","","","","192.0","","0.0","","192.0","","","",,"",,""
"1938-11","1938","11","","","","","","","","","","","115.1","","0.0","","115.1","","","",,"",,""
"1938-12","1938","12","","","","","","","","","","","303.8","","3.8","","307.6","","","",,"",,""
"1939-01","1939","01","","","","","","","","","","","231.6","","2.5","","234.2","","","",,"",,""
"1939-02","1939","02","","","","","","","","","","","73.4","","50.3","","123.7","","","",,"",,""
"1939-03","1939","03","","","","","","","","","","","108.5","","0.0","","108.5","","","",,"",,""
"1939-04","1939","04","","","","","","","","","","","64.8","","0.0","","64.8","","","",,"",,""
"1939-05","1939","05","","","","","","","","","","","77.7","","0.0","","77.7","","","",,"",,""
"1939-06","1939","06","","","","","","","","","","","113.8","","0.0","","113.8","","","",,"",,""
"1939-07","1939","07","","","","","","","","","","","114.6","","0.0","","114.6","","","",,"",,""
"1939-08","1939","08","","","","","","","","","","","51.1","","0.0","","51.1","","","",,"",,""
"1939-09","1939","09","","","","","","","","","","","39.9","","0.0","","39.9","","","",,"",,""
"1939-10","1939","10","","","","","","","","","","","162.3","","0.0","","162.3","","","",,"",,""
"1939-11","1939","11","","","","","","","","","","","348.0","","0.0","","348.0","","","",,"",,""
"1939-12","1939","12","","","","","","","","","","","353.3","","0.0","","353.3","","","",,"",,""
"1940-01","1940","01","","","","","","","","","","","192.8","","15.5","","208.3","","","M",,"",,""
"1940-02","1940","02","","","","","","","","","","","183.4","","0.0","","183.4","","","M",,"",,""
"1940-03","1940","03","","","","","","","","","","","149.6","","0.0","","149.6","","","M",,"",,""
"1940-04","1940","04","","","","","","","","","","","116.3","","0.0","","116.3","","","M",,"",,""
"1940-05","1940","05","","","","","","","","","","","45.2","","0.0","","45.2","","","M",,"",,""
"1940-06","1940","06","","","","","","","","","","","14.2","","0.0","","14.2","","","M",,"",,""
"1940-07","1940","07","","","","","","","","","","","58.4","","0.0","","58.4","","","M",,"",,""
"1940-08","1940","08","","","","","","","","","","","45.7","","0.0","","45.7","","0","",,"",,""
"1940-09","1940","09","","","","","","","","","","","64.8","","0.0","","64.8","","","M",,"",,""
"1940-10","1940","10","","","","","","","","","","","259.1","","0.0","","259.1","","","M",,"",,""
"1940-11","1940","11","","","","","","","","","","","127.5","","5.1","","132.6","","","M",,"",,""
"1940-12","1940","12","","","","","","","","","","","205.2","","0.0","","205.2","","","M",,"",,""
"1941-01","1941","01","","","","","","","","","","","207.0","","0.0","","207.0","","","",,"",,""
"1941-02","1941","02","","","","","","","","","","","154.4","","0.8","","155.2","","","",,"",,""
"1941-03","1941","03","","","","","","","","","","","103.1","","0.0","","103.1","","","",,"",,""
"1941-04","1941","04","","","","","","","","","","","111.5","","0.0","","111.5","","","",,"",,""
"1941-05","1941","05","","","","","","","","","","","125.2","","0.0","","125.2","","","",,"",,""
"1941-06","1941","06","","","","","","","","","","","107.7","","0.0","","107.7","","","",,"",,""
"1941-07","1941","07","","","","","","","","","","","15.0","","0.0","","15.0","","","",,"",,""
"1941-08","1941","08","","","","","","","","","","","83.6","","0.0","","83.6","","","",,"",,""
"1941-09","1941","09","","","","","","","","","","","239.3","","0.0","","239.3","","","",,"",,""
"1941-10","1941","10","","","","","","","","","","","216.4","","0.0","","216.4","","","",,"",,""
"1941-11","1941","11","","","","","","","","","","","182.9","","0.0","","182.9","","","",,"",,""
"1941-12","1941","12","","","","","","","","","","","225.3","","0.0","","225.3","","","",,"",,""
"1942-01","1942","01","","","","","","","","","","","117.3","","4.8","","122.2","","","",,"",,""
"1942-02","1942","02","","","","","","","","","","","81.8","","0.0","","81.8","","","",,"",,""
"1942-03","1942","03","","","","","","","","","","","101.3","","10.2","","111.5","","","",,"",,""
"1942-04","1942","04","","","","","","","","","","","99.3","","0.0","","99.3","","","",,"",,""
"1942-05","1942","05","","","","","","","","","","","57.2","","0.0","","57.2","","","",,"",,""
"1942-06","1942","06","","","","","","","","","","","118.6","","0.0","","118.6","","","",,"",,""
"1942-07","1942","07","","","","","","","","","","","87.6","","0.0","","87.6","","","",,"",,""
"1942-08","1942","08","","","","","","","","","","","29.5","","0.0","","29.5","","","",,"",,""
"1942-09","1942","09","","","","","","","","","","","23.1","","0.0","","23.1","","","",,"",,""
"1942-10","1942","10","","","","","","","","","","","136.1","","0.0","","136.1","","","",,"",,""
"1942-11","1942","11","","","","","","","","","","","166.4","","2.5","","168.9","","","",,"",,""
"1942-12","1942","12","","","","","","","","","","","214.9","","21.6","","236.5","","","",,"",,""
"1943-01","1943","01","","","","","","","","","","","64.8","","54.6","","119.4","","","",,"",,""
"1943-02","1943","02","","","","","","","","","","","111.0","","1.3","","112.3","","","",,"",,""
"1943-03","1943","03","","","","","","","","","","","111.0","","1.3","","112.3","","","",,"",,""
"1943-04","1943","04","","","","","","","","","","","142.0","","0.0","","142.0","","","",,"",,""
"1943-05","1943","05","","","","","","","","","","","98.3","","0.0","","98.3","","","",,"",,""
"1943-06","1943","06","","","","","","","","","","","52.3","","0.0","","52.3","","","",,"",,""
"1943-07","1943","07","","","","","","","","","","","41.7","","0.0","","41.7","","","",,"",,""
"1943-08","1943","08","","","","","","","","","","","72.6","","0.0","","72.6","","","",,"",,""
"1943-09","1943","09","","","","","","","","","","","40.4","","0.0","","40.4","","","",,"",,""
"1943-10","1943","10","","","","","","","","","","","203.7","","0.0","","203.7","","","",,"",,""
"1943-11","1943","11","","","","","","","","","","","87.4","","0.0","","87.4","","","",,"",,""
"1943-12","1943","12","","","","","","","","","","","131.1","","0.0","","131.1","","","",,"",,""
"1944-01","1944","01","","","","","","","","","","","200.2","","0.0","","200.2","","","",,"",,""
"1944-02","1944","02","","","","","","","","","","","96.8","","0.0","","96.8","","","",,"",,""
"1944-03","1944","03","","","","","","","","","","","76.5","","0.0","","76.5","","","",,"",,""
"1944-04","1944","04","","","","","","","","","","","101.9","","0.0","","101.9","","","",,"",,""
"1944-05","1944","05","","","","","","","","","","","67.8","","0.0","","67.8","","","",,"",,""
"1944-06","1944","06","","","","","","","","","","","21.3","","0.0","","21.3","","","",,"",,""
"1944-07","1944","07","","","","","","","","","","","10.4","","0.0","","10.4","","","",,"",,""
"1944-08","1944","08","","","","","","","","","","","68.6","","0.0","","68.6","","","",,"",,""
"1944-09","1944","09","","","","","","","","","","","160.0","","0.0","","160.0","","","",,"",,""
"1944-10","1944","10","","","","","","","","","","","168.1","","0.0","","168.1","","","",,"",,""
"1944-11","1944","11","","","","","","","","","","","296.9","","0.0","","296.9","","","",,"",,""
"1944-12","1944","12","","","","","","","","","","","90.9","","2.5","","93.5","","","",,"",,""
"1945-01","1945","01","","","","","","","","","","","230.6","","0.0","","230.6","","","",,"",,""
"1945-02","1945","02","","","","","","","","","","","161.0","","0.0","","161.0","","","",,"",,""
"1945-03","1945","03","","","","","","","","","","","153.9","","0.0","","153.9","","","",,"",,""
"1945-04","1945","04","","","","","","","","","","","90.7","","0.0","","90.7","","","",,"",,""
"1945-05","1945","05","","","","","","","","","","","72.4","","0.0","","72.4","","","",,"",,""
"1945-06","1945","06","","","","","","","","","","","14.5","","0.0","","14.5","","","",,"",,""
"1945-07","1945","07","","","","","","","","","","","40.1","","0.0","","40.1","","","",,"",,""
"1945-08","1945","08","","","","","","","","","","","11.7","","0.0","","11.7","","","",,"",,""
"1945-09","1945","09","","","","","","","","","","","97.5","","0.0","","97.5","","","",,"",,""
"1945-10","1945","10","","","","","","","","","","","133.9","","0.0","","133.9","","","",,"",,""
"1945-11","1945","11","","","","","","","","","","","198.1","","15.2","","213.4","","","",,"",,""
"1945-12","1945","12","","","","","","","","","","","156.7","","0.0","","156.7","","","",,"",,""
"1946-01","1946","01","","","","","","","","","","","168.9","","0.0","","168.9","","","",,"",,""
"1946-02","1946","02","","","","","","","","","","","180.1","","23.1","","203.2","","","",,"",,""
"1946-03","1946","03","","","","","","","","","","","135.1","","0.0","","135.1","","","",,"",,""
"1946-04","1946","04","","","","","","","","","","","96.5","","0.0","","96.5","","","",,"",,""
"1946-05","1946","05","","","","","","","","","","","17.8","","0.0","","17.8","","","",,"",,""
"1946-06","1946","06","","","","","","","","","","","149.1","","0.0","","149.1","","","",,"",,""
"1946-07","1946","07","","","","","","","","","","","62.2","","0.0","","62.2","","","",,"",,""
"1946-08","1946","08","","","","","","","","","","","21.1","","0.0","","21.1","","","",,"",,""
"1946-09","1946","09","","","","","","","","","","","88.6","","0.0","","88.6","","","",,"",,""
"1946-10","1946","10","","","","","","","","","","","116.1","","0.0","","116.1","","","",,"",,""
"1946-11","1946","11","","","","","","","","","","","108.0","","16.0","","124.0","","","",,"",,""
"1946-12","1946","12","","","","","","","","","","","98.3","","5.8","","104.1","","","",,"",,""
"1947-01","1947","01","","","","","","","","","","","142.2","","15.7","","158.0","","","",,"",,""
"1947-02","1947","02","","","","","","","","","","","160.3","","41.9","","202.2","","","",,"",,""
"1947-03","1947","03","","","","","","","","","","","107.2","","0.0","","107.2","","","",,"",,""
"1947-04","1947","04","","","","","","","","","","","82.3","","0.0","","82.3","","","",,"",,""
"1947-05","1947","05","","","","","","","","","","","48.0","","0.0","","48.0","","","",,"",,""
"1947-06","1947","06","","","","","","","","","","","115.3","","0.0","","115.3","","","",,"",,""
"1947-07","1947","07","","","","","","","","","","","106.2","","0.0","","106.2","","","",,"",,""
"1947-08","1947","08","","","","","","","","","","","37.8","","0.0","","37.8","","","",,"",,""
"1947-09","1947","09","","","","","","","","","","","62.7","","0.0","","62.7","","","",,"",,""
"1947-10","1947","10","","","","","","","","","","","248.2","","0.0","","248.2","","","",,"",,""
"1947-11","1947","11","","","","","","","","","","","75.2","","0.0","","75.2","","","",,"",,""
"1947-12","1947","12","","","","","","","","","","","335.8","","0.0","","335.8","","","",,"",,""
"1948-01","1948","01","","","","","","","","","","","105.4","","0.0","","105.4","","","",,"",,""
"1948-02","1948","02","","","","","","","","","","","146.3","","8.9","","155.2","","","",,"",,""
"1948-03","1948","03","","","","","","","","","","","76.7","","0.0","","76.7","","","",,"",,""
"1948-04","1948","04","","","","","","","","","","","89.7","","12.7","","102.4","","","",,"",,""
"1948-05","1948","05","","","","","","","","","","","151.9","","0.0","","151.9","","","",,"",,""
"1948-06","1948","06","","","","","","","","","","","49.5","","0.0","","49.5","","","",,"",,""
"1948-07","1948","07","","","","","","","","","","","74.2","","0.0","","74.2","","","",,"",,""
"1948-08","1948","08","","","","","","","","","","","136.9","","0.0","","136.9","","","",,"",,""
"1948-09","1948","09","","","","","","","","","","","84.8","","0.0","","84.8","","","",,"",,""
"1948-10","1948","10","","","","","","","","","","","153.2","","0.0","","153.2","","","",,"",,""
"1948-11","1948","11","","","","","","","","","","","326.4","","0.0","","326.4","","","",,"",,""
"1948-12","1948","12","","","","","","","","","","","148.8","","11.4","","160.3","","","",,"",,""
"1949-01","1949","01","","","","","","","","","","","8.6","","9.7","","18.3","","","",,"",,""
"1949-02","1949","02","","","","","","","","","","","84.3","","69.9","","154.2","","","",,"",,""
"1949-03","1949","03","","","","","","","","","","","133.4","","0.0","","133.4","","","",,"",,""
"1949-04","1949","04","","","","","","","","","","","99.3","","0.0","","99.3","","","",,"",,""
"1949-05","1949","05","","","","","","","","","","","60.5","","0.0","","60.5","","","",,"",,""
"1949-06","1949","06","","","","","","","","","","","65.5","","0.0","","65.5","","","",,"",,""
"1949-07","1949","07","","","","","","","","","","","69.3","","0.0","","69.3","","","",,"",,""
"1949-08","1949","08","","","","","","","","","","","54.9","","0.0","","54.9","","","",,"",,""
"1949-09","1949","09","","","","","","","","","","","4.6","","0.0","","4.6","","","",,"",,""
"1949-10","1949","10","","","","","","","","","","","128.3","","0.0","","128.3","","","",,"",,""
"1949-11","1949","11","","","","","","","","","","","228.6","","0.0","","228.6","","","",,"",,""
"1949-12","1949","12","","","","","","","","","","","197.4","","43.2","","240.5","","","",,"",,""
"1950-01","1950","01","","","","","","","","","","","45.5","","112.8","","158.2","","","",,"",,""
"1950-02","1950","02","","","","","","","","","","","219.2","","5.6","","224.8","","","",,"",,""
"1950-03","1950","03","","","","","","","","","","","147.6","","1.8","","149.4","","","",,"",,""
"1950-04","1950","04","","","","","","","","","","","88.6","","0.0","","88.6","","","",,"",,""
"1950-05","1950","05","","","","","","","","","","","66.8","","0.0","","66.8","","","",,"",,""
"1950-06","1950","06","","","","","","","","","","","48.8","","0.0","","48.8","","","",,"",,""
"1950-07","1950","07","","","","","","","","","","","37.3","","0.0","","37.3","","","",,"",,""
"1950-08","1950","08","","","","","","","","","","","116.6","","0.0","","116.6","","","",,"",,""
"1950-09","1950","09","","","","","","","","","","","59.7","","0.0","","59.7","","","",,"",,""
"1950-10","1950","10","","","","","","","","","","","283.2","","0.0","","283.2","","","",,"",,""
"1950-11","1950","11","","","","","","","","","","","207.5","","2.5","","210.1","","","",,"",,""
"1950-12","1950","12","","","","","","","","","","","247.7","","0.0","","247.7","","","",,"",,""
"1951-01","1951","01","","","","","","","","","","","221.2","","40.4","","261.6","","0","",,"",,""
"1951-02","1951","02","","","","","","","","","","","181.1","","24.6","","205.7","","","M",,"",,""
"1951-03","1951","03","","","","","","","","","","","98.3","","32.5","","130.8","","","M",,"",,""
"1951-04","1951","04","","","","","","","","","","","17.8","","0.0","","17.8","","","M",,"",,""
"1951-05","1951","05","","","","","","","","","","","105.4","","0.0","","105.4","","","M",,"",,""
"1951-06","1951","06","","","","","","","","","","","9.4","","0.0","","9.4","","","M",,"",,""
"1951-07","1951","07","","","","","","","","","","","43.7","","0.0","","43.7","","","M",,"",,""
"1951-08","1951","08","","","","","","","","","","","13.7","","0.0","","13.7","","","M",,"",,""
"1951-09","1951","09","","","","","","","","","","","62.5","","0.0","","62.5","","","M",,"",,""
"1951-10","1951","10","","","","","","","","","","","184.7","","0.0","","184.7","","","M",,"",,""
"1951-11","1951","11","","","","","","","","","","","220.5","","0.0","","220.5","","","M",,"",,""
"1951-12","1951","12","","","","","","","","","","","105.9","","37.6","","143.5","","","M",,"",,""
"1952-01","1952","01","","","","","","","","","","","148.3","","82.0","","230.4","","","",,"",,""
"1952-02","1952","02","","","","","","","","","","","163.6","","2.8","","166.4","","","",,"",,""
"1952-03","1952","03","","","","","","","","","","","75.7","","0.0","","75.7","","","",,"",,""
"1952-04","1952","04","","","","","","","","","","","88.9","","0.0","","88.9","","","",,"",,""
"1952-05","1952","05","","","","","","","","","","","84.6","","0.0","","84.6","","","",,"",,""
"1952-06","1952","06","","","","","","","","","","","97.0","","0.0","","97.0","","","",,"",,""
"1952-07","1952","07","","","","","","","","","","","17.8","","0.0","","17.8","","","",,"",,""
"1952-08","1952","08","","","","","","","","","","","22.9","","0.0","","22.9","","","",,"",,""
"1952-09","1952","09","","","","","","","","","","","32.3","","0.0","","32.3","","","",,"",,""
"1952-10","1952","10","","","","","","","","","","","53.6","","0.0","","53.6","","","",,"",,""
"1952-11","1952","11","","","","","","","","","","","100.3","","0.0","","100.3","","","",,"",,""
"1952-12","1952","12","","","","","","","","","","","253.2","","0.0","","253.2","","","",,"",,""
"1953-01","1953","01","","","","","","","","","","","328.4","","12.7","","341.1","","","",,"",,""
"1953-02","1953","02","","","","","","","","","","","87.1","","0.0","","87.1","","","",,"",,""
"1953-03","1953","03","","","","","","","","","","","121.4","","0.0","","121.4","","","",,"",,""
"1953-04","1953","04","","","","","","","","","","","105.2","","0.0","","105.2","","","",,"",,""
"1953-05","1953","05","","","","","","","","","","","62.2","","0.0","","62.2","","","",,"",,""
"1953-06","1953","06","","","","","","","","","","","120.9","","0.0","","120.9","","","",,"",,""
"1953-07","1953","07","","","","","","","","","","","37.3","","0.0","","37.3","","","",,"",,""
"1953-08","1953","08","","","","","","","","","","","204.7","","0.0","","204.7","","","",,"",,""
"1953-09","1953","09","","","","","","","","","","","161.8","","0.0","","161.8","","","",,"",,""
"1953-10","1953","10","","","","","","","","","","","226.1","","0.0","","226.1","","","",,"",,""
"1953-11","1953","11","","","","","","","","","","","451.1","","0.0","","451.1","","","",,"",,""
"1953-12","1953","12","","","","","","","","","","","286.3","","0.0","","286.3","","","",,"",,""
"1954-01","1954","01","","","","","","","","","","","103.1","","97.3","","200.4","","","",,"",,""
"1954-02","1954","02","","","","","","","","","","","186.7","","24.1","","210.8","","","",,"",,""
"1954-03","1954","03","","","","","","","","","","","68.1","","2.5","","70.6","","","",,"",,""
"1954-04","1954","04","","","","","","","","","","","80.5","","0.0","","80.5","","","",,"",,""
"1954-05","1954","05","","","","","","","","","","","55.6","","0.0","","55.6","","","",,"",,""
"1954-06","1954","06","","","","","","","","","","","81.3","","0.0","","81.3","","","",,"",,""
"1954-07","1954","07","","","","","","","","","","","62.2","","0.0","","62.2","","","",,"",,""
"1954-08","1954","08","","","","","","","","","","","93.2","","0.0","","93.2","","","",,"",,""
"1954-09","1954","09","","","","","","","","","","","134.1","","0.0","","134.1","","","",,"",,""
"1954-10","1954","10","","","","","","","","","","","99.6","","0.0","","99.6","","","",,"",,""
"1954-11","1954","11","","","","","","","","","","","421.9","","0.0","","421.9","","","",,"",,""
"1954-12","1954","12","","","","","","","","","","","174.0","","0.0","","174.0","","","",,"",,""
"1955-01","1955","01","","","","","","","","","","","141.7","","0.0","","141.7","","","M",,"",,""
"1955-02","1955","02","","","","","","","","","","","84.3","","16.3","","100.6","","","M",,"",,""
"1955-03","1955","03","","","","","","","","","","","137.2","","5.8","","143.0","","","M",,"",,""
"1955-04","1955","04","","","","","","","","","","","83.8","","0.0","","83.8","","","M",,"",,""
"1955-05","1955","05","","","","","","","","","","","89.2","","0.0","","89.2","","","M",,"",,""
"1955-06","1955","06","","","","","","","","","","","78.0","","0.0","","78.0","","","M",,"",,""
"1955-07","1955","07","","","","","","","","","","","111.5","","0.0","","111.5","","","M",,"",,""
"1955-08","1955","08","","","","","","","","","","","14.0","","0.0","","14.0","","","M",,"",,""
"1955-09","1955","09","","","","","","","","","","","97.5","","0.0","","97.5","","","M",,"",,""
"1955-10","1955","10","","","","","","","","","","","213.1","","0.0","","213.1","","","M",,"",,""
"1955-11","1955","11","","","","","","","","","","","254.0","","25.4","","279.4","","0","",,"",,""
"1955-12","1955","12","","","","","","","","","","","164.3","","10.2","","174.5","","0","",,"",,""
"1956-01","1956","01","","","","","","","","","","","203.5","","2.5","","206.0","","","M",,"",,""
"1956-02","1956","02","","","","","","","","","","","111.5","","26.7","","138.2","","","M",,"",,""
"1956-03","1956","03","","","","","","","","","","","140.5","","21.6","","162.1","","","M",,"",,""
"1956-04","1956","04","","","","","","","","","","","32.5","","0.0","","32.5","","","M",,"",,""
"1956-05","1956","05","","","","","","","","","","","22.6","","0.0","","22.6","","","M",,"",,""
"1956-06","1956","06","","","","","","","","","","","171.5","","0.0","","171.5","","0","",,"",,""
"1956-07","1956","07","","","","","","","","","","","37.1","","0.0","","37.1","","0","",,"",,""
"1956-08","1956","08","","","","","","","","","","","33.0","","0.0","","33.0","","0","",,"",,""
"1956-09","1956","09","","","","","","","","","","","193.3","","0.0","","193.3","","0","",,"",,""
"1956-10","1956","10","","","","","","","","","","","266.4","","0.0","","266.4","","0","",,"",,""
"1956-11","1956","11","","","","","","","","","","","113.0","","0.0","","113.0","","0","",,"",,""
"1956-12","1956","12","","","","","","","","","","","","M","","M","","M","","M",,"",,""
"1957-01","1957","01","","","","","","","","","","","32.8","","37.1","","69.9","","","M",,"",,""
"1957-02","1957","02","","","","","","","","","","","100.8","","26.7","","127.5","","","M",,"",,""
"1957-03","1957","03","","","","","","","","","","","182.9","","0.0","","182.9","","","M",,"",,""
"1957-04","1957","04","","","","","","","","","","","130.6","","0.0","","130.6","","","M",,"",,""
"1957-05","1957","05","","","","","","","","","","","46.7","","0.0","","46.7","","0","",,"",,""
"1957-06","1957","06","","","","","","","","","","","112.8","","0.0","","112.8","","0","",,"",,""
"1957-07","1957","07","","","","","","","","","","","104.9","","0.0","","104.9","","0","",,"",,""
"1957-08","1957","08","","","","","","","","","","","145.5","","0.0","","145.5","","0","",,"",,""
"1957-09","1957","09","","","","","","","","","","","66.0","","0.0","","66.0","","0","",,"",,""
"1957-10","1957","10","","","","","","","","","","","120.1","","0.0","","120.1","","","M",,"",,""
"1957-11","1957","11","","","","","","","","","","","127.5","","0.0","","127.5","","","M",,"",,""
"1957-12","1957","12","","","","","","","","","","","270.0","","0.0","","270.0","","","M",,"",,""
"1958-01","1958","01","","","","","","","","","","","369.8","","0.0","","369.8","","","",,"",,""
"1958-02","1958","02","","","","","","","","","","","218.4","","0.0","","218.4","","","",,"",,""
"1958-03","1958","03","","","","","","","","","","","87.4","","0.0","","87.4","","","",,"",,""
"1958-04","1958","04","","","","","","","","","","","70.6","","0.0","","70.6","","","",,"",,""
"1958-05","1958","05","","","","","","","","","","","37.8","","0.0","","37.8","","","",,"",,""
"1958-06","1958","06","","","","","","","","","","","114.3","","0.0","","114.3","","","",,"",,""
"1958-07","1958","07","","","","","","","","","","","0.0","","0.0","","0.0","","","",,"",,""
"1958-08","1958","08","","","","","","","","","","","89.2","","0.0","","89.2","","","",,"",,""
"1958-09","1958","09","","","","","","","","","","","106.7","","0.0","","106.7","","","",,"",,""
"1958-10","1958","10","","","","","","","","","","","164.3","","0.0","","164.3","","","",,"",,""
"1958-11","1958","11","","","","","","","","","","","248.4","","0.0","","248.4","","","",,"",,""
"1958-12","1958","12","","","","","","","","","","","211.6","","30.5","","242.1","","","",,"",,""
"1959-01","1959","01","","","","","","","","","","","171.7","","24.1","","195.8","","","",,"",,""
"1959-02","1959","02","","","","","","","","","","","133.9","","0.0","","133.9","","","",,"",,""
"1959-03","1959","03","","","","","","","","","","","159.0","","0.0","","159.0","","","",,"",,""
"1959-04","1959","04","","","","","","","","","","","55.4","","0.0","","55.4","","","",,"",,""
"1959-05","1959","05","","","","","","","","","","","49.3","","0.0","","49.3","","","",,"",,""
"1959-06","1959","06","","","","","","","","","","","89.2","","0.0","","89.2","","","",,"",,""
"1959-07","1959","07","","","","","","","","","","","75.9","","0.0","","75.9","","","",,"",,""
"1959-08","1959","08","","","","","","","","","","","40.4","","0.0","","40.4","","","",,"",,""
"1959-09","1959","09","","","","","","","","","","","153.4","","0.0","","153.4","","","",,"",,""
"1959-10","1959","10","","","","","","","","","","","139.4","","0.0","","139.4","","","",,"",,""
"1959-11","1959","11","","","","","","","","","","","","M","","M","148.6","","","",,"",,""
"1959-12","1959","12","","","","","","","","","","","","M","","M","","M","","",,"",,""
"1960-01","1960","01","","","","","","","","","","","196.3","","3.8","","200.2","","","",,"",,""
"1960-02","1960","02","","","","","","","","","","","140.7","","0.0","","140.7","","","",,"",,""
"1960-03","1960","03","","","","","","","","","","","118.9","","10.2","","129.0","","","",,"",,""
"1960-04","1960","04","","","","","","","","","","","90.4","","0.0","","90.4","","","",,"",,""
"1960-05","1960","05","","","","","","","","","","","121.4","","0.0","","121.4","","","",,"",,""
"1960-06","1960","06","","","","","","","","","","","17.5","","0.0","","17.5","","","",,"",,""
"1960-07","1960","07","","","","","","","","","","","2.0","","0.0","","2.0","","","",,"",,""
"1960-08","1960","08","","","","","","","","","","","143.8","","0.0","","143.8","","","",,"",,""
"1960-09","1960","09","","","","","","","","","","","72.6","","0.0","","72.6","","","",,"",,""
"1960-10","1960","10","","","","","","","","","","","210.3","","0.0","","210.3","","","",,"",,""
"1960-11","1960","11","","","","","","","","","","","196.3","","0.0","","196.3","","","",,"",,""
"1960-12","1960","12","","","","","","","","","","","184.9","","0.0","","184.9","","","",,"",,""
"1961-01","1961","01","","","","","","","","","","","221.7","","10.2","","231.9","","","M",,"",,""
"1961-02","1961","02","","","","","","","","","","","295.4","","7.6","","303.0","","0","",,"",,""
"1961-03","1961","03","","","","","","","","","","","154.7","","0.0","","154.7","","","M",,"",,""
"1961-04","1961","04","","","","","","","","","","","89.7","","0.0","","89.7","","","M",,"",,""
"1961-05","1961","05","","","","","","","","","","","110.5","","0.0","","110.5","","","M",,"",,""
"1961-06","1961","06","","","","","","","","","","","44.2","","0.0","","44.2","","","M",,"",,""
"1961-07","1961","07","","","","","","","","","","","41.4","","0.0","","41.4","","","M",,"",,""
"1961-08","1961","08","","","","","","","","","","","47.2","","0.0","","47.2","","","M",,"",,""
"1961-09","1961","09","","","","","","","","","","","50.8","","0.0","","50.8","","","M",,"",,""
"1961-10","1961","10","","","","","","","","","","","188.7","","0.0","","188.7","","","M",,"",,""
"1961-11","1961","11","","","","","","","","","","","215.4","","0.0","","215.4","","0","",,"",,""
"1961-12","1961","12","","","","","","","","","","","168.1","","19.8","","188.0","","0","",,"",,""
"1962-01","1962","01","","","","","","","","","","","147.8","","5.6","","153.4","","","M",,"",,""
"1962-02","1962","02","","","","","","","","","","","50.0","","16.5","","66.5","","","M",,"",,""
"1962-03","1962","03","","","","","","","","","","","","M","","M","","M","","M",,"",,""
"1962-04","1962","04","","","","","","","","","","","89.7","","0.0","","89.7","","0","",,"",,""
"1962-05","1962","05","","","","","","","","","","","55.1","","0.0","","55.1","","0","",,"",,""
"1962-06","1962","06","","","","","","","","","","","59.9","","0.0","","59.9","","0","",,"",,""
"1962-07","1962","07","","","","","","","","","","","61.0","","0.0","","61.0","","0","",,"",,""
"1962-08","1962","08","","","","","","","","","","","171.5","","0.0","","171.5","","0","",,"",,""
"1962-09","1962","09","","","","","","","","","","","69.9","","0.0","","69.9","","0","",,"",,""
"1962-10","1962","10","","","","","","","","","","","137.9","","0.0","","137.9","","0","",,"",,""
"1962-11","1962","11","","","","","","","","","","","248.9","","0.0","","248.9","","0","",,"",,""
"1962-12","1962","12","","","","","","","","","","","","M","0.0","","","M","0","",,"",,""
"1963-01","1963","01","","","","","","","","","","","46.0","","","M","","M","0","",,"",,""
"1963-02","1963","02","","","","","","","","","","","222.5","","0.0","","222.5","","0","",,"",,""
"1963-03","1963","03","","","","","","","","","","","","M","","M","","M","","M",,"",,""
"1963-04","1963","04","","","","","","","","","","","129.0","","0.0","","129.0","","0","",,"",,""
"1963-05","1963","05","","","","","","","","","","","43.2","","0.0","","43.2","","0","",,"",,""
"1963-06","1963","06","","","","","","","","","","","98.6","","0.0","","98.6","","0","",,"",,""
"1963-07","1963","07","","","","","","","","","","","211.6","","0.0","","211.6","","0","",,"",,""
"1963-08","1963","08","","","","","","","","","","","29.2","","0.0","","29.2","","0","",,"",,""
"1963-09","1963","09","","","","","","","","","","","73.2","","0.0","","73.2","","0","",,"",,""
"1963-10","1963","10","","","","","","","","","","","","M","","M","","M","","M",,"",,""
"1963-11","1963","11","","","","","","","","","","","","M","","M","","M","","M",,"",,""
"1963-12","1963","12","","","","","","","","","","","","M","","M","","M","","M",,"",,""
"1964-01","1964","01","","","","","","","","","","","","M","","M","","M","","M",,"",,""
"1964-02","1964","02","","","","","","","","","","","99.8","","0.0","","99.8","","0","",,"",,""
"1964-03","1964","03","","","","","","","","","","","","M","","M","","M","","M",,"",,""
"1964-04","1964","04","","","","","","","","","","","","M","","M","","M","","M",,"",,""
"1964-05","1964","05","","","","","","","","","","","","M","0.0","","","M","0","",,"",,""
"1964-06","1964","06","","","","","","","","","","","","M","","M","","M","","M",,"",,""
"1964-07","1964","07","","","","","","","","","","","145.0","","0.0","","145.0","","0","",,"",,""
"1964-08","1964","08","","","","","","","","","","","81.3","","0.0","","81.3","","0","",,"",,""
"1964-09","1964","09","","","","","","","","","","","","M","","M","","M","","M",,"",,""
"1964-10","1964","10","","","","","","","","","","","59.2","","0.0","","59.2","","0","",,"",,""
"1964-11","1964","11","","","","","","","","","","","","M","","M","","M","","M",,"",,""
"1964-12","1964","12","","","","","","","","","","","","M","","M","","M","","M",,"",,""
"1965-01","1965","01","","","","","","","","","","","114.8","","35.6","","150.4","","","M",,"",,""
"1965-02","1965","02","","","","","","","","","","","","M","","M","175.0","","","M",,"",,""
"1965-03","1965","03","","","","","","","","","","","74.9","","0.0","","74.9","","0","",,"",,""
"1965-04","1965","04","","","","","","","","","","","80.0","","0.0","","80.0","","0","",,"",,""
"1965-05","1965","05","","","","","","","","","","","91.4","","0.0","","91.4","","0","",,"",,""
"1965-06","1965","06","","","","","","","","","","","14.0","","0.0","","14.0","","0","",,"",,""
"1965-07","1965","07","","","","","","","","","","","28.4","","0.0","","28.4","","0","",,"",,""
"1965-08","1965","08","","","","","","","","","","","100.1","","0.0","","100.1","","0","",,"",,""
"1965-09","1965","09","","","","","","","","","","","11.4","","0.0","","11.4","","0","",,"",,""
"1965-10","1965","10","","","","","","","","","","","251.2","","0.0","","251.2","","0","",,"",,""
"1965-11","1965","11","","","","","","","","","","","245.4","","0.0","","245.4","","0","",,"",,""
"1965-12","1965","12","","","","","","","","","","","166.9","","64.8","","231.6","","","M",,"",,""
"1966-01","1966","01","","","","","","","","","","","167.1","","129.5","","296.7","","0","",,"",,""
"1966-02","1966","02","","","","","","","","","","","89.7","","0.0","","89.7","","0","",,"",,""
"1966-03","1966","03","","","","","","","","","","","110.5","","0.0","","110.5","","0","",,"",,""
"1966-04","1966","04","","","","","","","","","","","73.4","","0.0","","73.4","","0","",,"",,""
"1966-05","1966","05","","","","","","","","","","","75.7","","0.0","","75.7","","0","",,"",,""
"1966-06","1966","06","","","","","","","","","","","137.2","","0.0","","137.2","","0","",,"",,""
"1966-07","1966","07","","","","","","","","","","","58.4","","0.0","","58.4","","0","",,"",,""
"1966-08","1966","08","","","","","","","","","","","33.0","E","0.0","","33.0","E","0","",,"",,""
"1966-09","1966","09","","","","","","","","","","","72.1","","0.0","","72.1","","0","",,"",,""
"1966-10","1966","10","","","","","","","","","","","161.5","","0.0","","161.5","","0","",,"",,""
"1966-11","1966","11","","","","","","","","","","","286.8","E","0.0","","286.8","E","0","",,"",,""
"1966-12","1966","12","","","","","","","","","","","417.8","","0.0","","417.8","","0","",,"",,""
"1967-01","1967","01","","","","","","","","","","","297.2","","5.1","","302.3","","0","",,"",,""
"1967-02","1967","02","","","","","","","","","","","182.6","","0.0","","182.6","","0","",,"",,""
"1967-03","1967","03","","","","","","","","","","","178.3","","0.0","","178.3","","0","",,"",,""
"1967-04","1967","04","","","","","","","","","","","78.7","","0.0","","78.7","","0","",,"",,""
"1967-05","1967","05","","","","","","","","","","","58.4","","0.0","","58.4","","0","",,"",,""
"1967-06","1967","06","","","","","","","","","","","12.7","","0.0","","12.7","","0","",,"",,""
"1967-07","1967","07","","","","","","","","","","","35.8","","0.0","","35.8","","0","",,"",,""
"1967-08","1967","08","","","","","","","","","","","2.5","","0.0","","2.5","","0","",,"",,""
"1967-09","1967","09","","","","","","","","","","","45.7","","0.0","","45.7","","0","",,"",,""
"1967-10","1967","10","","","","","","","","","","","371.3","","0.0","","371.3","","0","",,"",,""
"1967-11","1967","11","","","","","","","","","","","101.6","","0.0","","101.6","","0","",,"",,""
"1967-12","1967","12","","","","","","","","","","","172.7","","19.1","","191.8","","0","",,"",,""
"1968-01","1968","01","","","","","","","","","","","264.9","","35.6","","300.5","","0","",,"",,""
"1968-02","1968","02","","","","","","","","","","","90.2","","0.0","","90.2","","0","",,"",,""
"1968-03","1968","03","","","","","","","","","","","147.1","","0.0","","147.1","","0","",,"",,""
"1968-04","1968","04","","","","","","","","","","","75.9","","0.0","","75.9","","0","",,"",,""
"1968-05","1968","05","","","","","","","","","","","87.6","","0.0","","87.6","","0","",,"",,""
"1968-06","1968","06","","","","","","","","","","","71.1","","0.0","","71.1","","0","",,"",,""
"1968-07","1968","07","","","","","","","","","","","92.2","","0.0","","92.2","","0","",,"",,""
"1968-08","1968","08","","","","","","","","","","","137.4","","0.0","","137.4","","0","",,"",,""
"1968-09","1968","09","","","","","","","","","","","105.4","","0.0","","105.4","","0","",,"",,""
"1968-10","1968","10","","","","","","","","","","","313.2","","0.0","","313.2","","0","",,"",,""
"1968-11","1968","11","","","","","","","","","","","245.6","","0.0","","245.6","","0","",,"",,""
"1968-12","1968","12","","","","","","","","","","","202.4","","71.1","E","273.6","E","","M",,"",,""
"1969-01","1969","01","","","","","","","","","","","55.6","","142.7","","198.4","","","M",,"",,""
"1969-02","1969","02","","","","","","","","","","","97.5","","0.0","","97.5","","0","",,"",,""
"1969-03","1969","03","","","","","","","","","","","104.4","E","0.0","","104.4","E","0","",,"",,""
"1969-04","1969","04","","","","","","","","","","","183.4","","0.0","","183.4","","0","",,"",,""
"1969-05","1969","05","","","","","","","","","","","42.9","E","0.0","","42.9","E","0","",,"",,""
"1969-06","1969","06","","","","","","","","","","","40.1","","0.0","","40.1","","0","",,"",,""
"1969-07","1969","07","","","","","","","","","","","34.0","","0.0","","34.0","","0","",,"",,""
"1969-08","1969","08","","","","","","","","","","","67.3","","0.0","","67.3","","0","",,"",,""
"1969-09","1969","09","","","","","","","","","","","206.8","","0.0","","206.8","","0","",,"",,""
"1969-10","1969","10","","","","","","","","","","","223.8","","0.0","","223.8","","0","",,"",,""
"1969-11","1969","11","","","","","","","","","","","92.7","","0.0","","92.7","","0","",,"",,""
"1969-12","1969","12","","","","","","","","","","","184.4","","0.0","","184.4","","0","",,"",,""
"1970-01","1970","01","","","","","","","","","","","159.5","","7.6","","167.1","","0","",,"",,""
"1970-02","1970","02","","","","","","","","","","","65.0","","0.0","","65.0","","0","",,"",,""
"1970-03","1970","03","","","","","","","","","","","72.1","","0.0","","72.1","","0","",,"",,""
"1970-04","1970","04","","","","","","","","","","","90.9","","0.0","","90.9","","0","",,"",,""
"1970-05","1970","05","","","","","","","","","","","47.0","","0.0","","47.0","","0","",,"",,""
"1970-06","1970","06","","","","","","","","","","","21.6","","0.0","","21.6","","0","",,"",,""
"1970-07","1970","07","","","","","","","","","","","43.9","","0.0","","43.9","","0","",,"",,""
"1970-08","1970","08","","","","","","","","","","","11.7","","0.0","","11.7","","0","",,"",,""
"1970-09","1970","09","","","","","","","","","","","106.4","","0.0","","106.4","","0","",,"",,""
"1970-10","1970","10","","","","","","","","","","","134.4","","0.0","","134.4","","0","",,"",,""
"1970-11","1970","11","","","","","","","","","","","238.8","","7.6","","246.4","","","M",,"",,""
"1970-12","1970","12","","","","","","","","","","","219.2","","14.0","","233.2","","0","",,"",,""
"1971-01","1971","01","","","","","","","","","","","139.2","","100.6","","239.8","","0","",,"",,""
"1971-02","1971","02","","","","","","","","","","","147.3","","15.2","","162.6","","","M",,"",,""
"1971-03","1971","03","","","","","","","","","","","155.7","","17.5","","173.2","","0","",,"",,""
"1971-04","1971","04","","","","","","","","","","","45.7","","0.0","","45.7","","0","",,"",,""
"1971-05","1971","05","","","","","","","","","","","78.5","","0.0","","78.5","","0","",,"",,""
"1971-06","1971","06","","","","","","","","","","","147.3","","0.0","","147.3","","0","",,"",,""
"1971-07","1971","07","","","","","","","","","","","31.2","","0.0","","31.2","","0","",,"",,""
"1971-08","1971","08","","","","","","","","","","","44.2","","0.0","","44.2","","0","",,"",,""
"1971-09","1971","09","","","","","","","","","","","129.0","","0.0","","129.0","","0","",,"",,""
"1971-10","1971","10","","","","","","","","","","","174.0","","0.0","","174.0","","0","",,"",,""
"1971-11","1971","11","","","","","","","","","","","248.2","","0.0","","248.2","","0","",,"",,""
"1971-12","1971","12","","","","","","","","","","","","M","","M","","M","","M",,"",,""
"1972-01","1972","01","","","","","","","","","","","106.9","","43.2","","150.1","","0","",,"",,""
"1972-02","1972","02","","","","","","","","","","","171.2","","2.5","","173.7","","0","",,"",,""
"1972-03","1972","03","","","","","","","","","","","273.6","","0.0","T","273.6","","0","",,"",,""
"1972-04","1972","04","","","","","","","","","","","113.5","","0.0","","113.5","","0","",,"",,""
"1972-05","1972","05","","","","","","","","","","","26.2","","0.0","","26.2","","0","",,"",,""
"1972-06","1972","06","","","","","","","","","","","138.7","","0.0","","138.7","","0","",,"",,""
"1972-07","1972","07","","","","","","","","","","","91.7","","0.0","","91.7","","0","",,"",,""
"1972-08","1972","08","","","","","","","","","","","40.9","","0.0","","40.9","","0","",,"",,""
"1972-09","1972","09","","","","","","","","","","","110.7","","0.0","","110.7","","0","",,"",,""
"1972-10","1972","10","","","","","","","","","","","63.8","","0.0","","63.8","","0","",,"",,""
"1972-11","1972","11","","","","","","","","","","","199.9","","0.0","","199.9","","0","",,"",,""
"1972-12","1972","12","","","","","","","","","","","293.1","","9.9","","303.0","","0","",,"",,""
"1973-01","1973","01","","","","","","","","","","","315.5","E","6.9","","322.3","E","0","",,"",,""
"1973-02","1973","02","","","","","","","","","","","119.4","","0.0","","119.4","","","M",,"",,""
"1973-03","1973","03","","","","","","","","","","","120.4","","0.0","","120.4","","","M",,"",,""
"1973-04","1973","04","","","","","","","","","","","7.9","","0.0","","7.9","","0","",,"",,""
"1973-05","1973","05","","","","","","","","","","","65.5","","0.0","","65.5","","0","",,"",,""
"1973-06","1973","06","","","","","","","","","","","161.8","","0.0","","161.8","","0","",,"",,""
"1973-07","1973","07","","","","","","","","","","","89.2","","0.0","","89.2","","0","",,"",,""
"1973-08","1973","08","","","","","","","","","","","19.3","","0.0","","19.3","","0","",,"",,""
"1973-09","1973","09","","","","","","","","","","","76.2","","0.0","","76.2","","0","",,"",,""
"1973-10","1973","10","","","","","","","","","","","264.2","","0.0","","264.2","","0","",,"",,""
"1973-11","1973","11","","","","","","","","","","","242.1","","14.0","","256.0","","0","",,"",,""
"1973-12","1973","12","","","","","","","","","","","295.1","","5.1","","300.2","","0","",,"",,""
"1974-01","1974","01","","","","","","","","","","","256.3","","5.8","","262.1","","0","T",,"",,""
"1974-02","1974","02","","","","","","","","","","","189.0","","0.0","","189.0","","0","",,"",,""
"1974-03","1974","03","","","","","","","","","","","248.9","","14.5","","263.4","","0","",,"",,""
"1974-04","1974","04","","","","","","","","","","","129.3","","0.0","","129.3","","0","",,"",,""
"1974-05","1974","05","","","","","","","","","","","191.5","","0.0","","191.5","","","M",,"",,""
"1974-06","1974","06","","","","","","","","","","","53.3","","0.0","","53.3","","0","",,"",,""
"1974-07","1974","07","","","","","","","","","","","101.1","E","0.0","","101.1","E","0","",,"",,""
"1974-08","1974","08","","","","","","","","","","","0.0","","0.0","","0.0","","0","",,"",,""
"1974-09","1974","09","","","","","","","","","","","44.2","E","0.0","","44.2","E","0","",,"",,""
"1974-10","1974","10","","","","","","","","","","","70.6","","0.0","","70.6","","0","",,"",,""
"1974-11","1974","11","","","","","","","","","","","240.3","","0.0","","240.3","","","M",,"",,""
"1974-12","1974","12","","","","","","","","","","","250.2","","0.0","","250.2","","","M",,"",,""
"1975-01","1975","01","","","","","","","","","","","108.5","","56.4","","164.8","","","M",,"",,""
"1975-02","1975","02","","","","","","","","","","","92.7","","96.3","","189.0","","","M",,"",,""
"1975-03","1975","03","","","","","","","","","","","104.6","","0.0","","104.6","","","M",,"",,""
"1975-04","1975","04","","","","","","","","","","","66.0","","0.0","","66.0","","0","",,"",,""
"1975-05","1975","05","","","","","","","","","","","73.4","","0.0","","73.4","","0","",,"",,""
"1975-06","1975","06","","","","","","","","","","","61.5","","0.0","","61.5","","0","",,"",,""
"1975-07","1975","07","","","","","","","","","","","6.1","","0.0","","6.1","","0","",,"",,""
"1975-08","1975","08","","","","","","","","","","","153.9","","0.0","","153.9","","0","",,"",,""
"1975-09","1975","09","","","","","","","","","","","6.6","","0.0","","6.6","","0","",,"",,""
"1975-10","1975","10","","","","","","","","","","","420.1","","0.0","","420.1","","0","",,"",,""
"1975-11","1975","11","","","","","","","","","","","302.3","E","15.2","E","317.5","E","","M",,"",,""
"1975-12","1975","12","","","","","","","","","","","225.6","","17.8","","243.3","","","M",,"",,""
"1976-01","1976","01","","","","","","","","","","","186.2","","2.5","","188.7","","","M",,"",,""
"1976-02","1976","02","","","","","","","","","","","146.3","","32.5","","178.8","","","M",,"",,""
"1976-03","1976","03","","","","","","","","","","","125.0","","0.0","","125.0","","0","",,"",,""
"1976-04","1976","04","","","","","","","","","","","107.2","","0.0","","107.2","","0","",,"",,""
"1976-05","1976","05","","","","","","","","","","","104.1","E","0.0","","104.1","E","0","",,"",,""
"1976-06","1976","06","","","","","","","","","","","153.4","","0.0","","153.4","","0","",,"",,""
"1976-07","1976","07","","","","","","","","","","","94.2","","0.0","","94.2","","0","",,"",,""
"1976-08","1976","08","","","","","","","","","","","90.9","","0.0","","90.9","","0","",,"",,""
"1976-09","1976","09","","","","","","","","","","","43.7","","0.0","","43.7","","0","",,"",,""
"1976-10","1976","10","","","","","","","","","","","132.3","","0.0","","132.3","","0","",,"",,""
"1976-11","1976","11","","","","","","","","","","","75.7","","0.0","","75.7","","0","",,"",,""
"1976-12","1976","12","","","","","","","","","","","141.0","","0.0","","141.0","","0","",,"",,""
"1977-01","1977","01","","","","","","","","","","","69.0","","10.2","","79.2","","","M",,"",,""
"1977-02","1977","02","","","","","","","","","","","134.1","","0.0","","134.1","","0","",,"",,""
"1977-03","1977","03","","","","","","","","","","","108.5","","0.0","","108.5","","0","",,"",,""
"1977-04","1977","04","","","","","","","","","","","87.1","","0.0","","87.1","","0","",,"",,""
"1977-05","1977","05","","","","","","","","","","","99.1","","0.0","","99.1","","0","",,"",,""
"1977-06","1977","06","","","","","","","","","","","34.6","","0.0","","34.6","","0","",,"",,""
"1977-07","1977","07","","","","","","","","","","","86.1","","0.0","","86.1","","0","",,"",,""
"1977-08","1977","08","","","","","","","","","","","70.3","","0.0","","70.3","","0","",,"",,""
"1977-09","1977","09","","","","","","","","","","","130.2","","0.0","","130.2","","0","",,"",,""
"1977-10","1977","10","","","","","","","","","","","201.1","","0.0","","201.1","","0","",,"",,""
"1977-11","1977","11","","","","","","","","","","","204.2","","24.6","","228.8","","","M",,"",,""
"1977-12","1977","12","","","","","","","","","","","163.9","","26.4","","190.3","","0","",,"",,""
"1978-01","1978","01","","","","","","","","","","","133.9","","40.6","","174.5","","0","",,"",,""
"1978-02","1978","02","","","","","","","","","","","126.3","","7.6","","133.9","","0","",,"",,""
"1978-03","1978","03","","","","","","","","","","","139.9","","0.0","","139.9","","0","",,"",,""
"1978-04","1978","04","","","","","","","","","","","116.5","","0.0","","116.5","","0","",,"",,""
"1978-05","1978","05","","","","","","","","","","","94.9","","0.0","","94.9","","0","",,"",,""
"1978-06","1978","06","","","","","","","","","","","63.4","","0.0","","63.4","","0","",,"",,""
"1978-07","1978","07","","","","","","","","","","","21.1","","0.0","","21.1","","0","",,"",,""
"1978-08","1978","08","","","","","","","","","","","184.4","","0.0","","184.4","","0","",,"",,""
"1978-09","1978","09","","","","","","","","","","","268.2","","0.0","","268.2","","0","",,"",,""
"1978-10","1978","10","","","","","","","","","","","101.4","","0.0","","101.4","","0","",,"",,""
"1978-11","1978","11","","","","","","","","","","","115.6","","0.0","","115.6","","0","",,"",,""
"1978-12","1978","12","","","","","","","","","","","127.4","","3.8","","131.2","","","M",,"",,""
"1979-01","1979","01","","","","","","","","","","","77.7","","11.6","","89.3","","","M",,"",,""
"1979-02","1979","02","","","","","","","","","","","193.8","","3.8","","197.6","","0","",,"",,""
"1979-03","1979","03","","","","","","","","","","","76.0","","0.0","","76.0","","0","",,"",,""
"1979-04","1979","04","","","","","","","","","","","76.2","","0.0","","76.2","","0","",,"",,""
"1979-05","1979","05","","","","","","","","","","","49.2","","0.0","","49.2","","0","",,"",,""
"1979-06","1979","06","","","","","","","","","","","74.8","","0.0","","74.8","","0","",,"",,""
"1979-07","1979","07","","","","","","","","","","","61.2","","0.0","","61.2","","0","",,"",,""
"1979-08","1979","08","","","","","","","","","","","39.8","","0.0","","39.8","","0","",,"",,""
"1979-09","1979","09","","","","","","","","","","","152.3","","0.0","","152.3","","0","",,"",,""
"1979-10","1979","10","","","","","","","","","","","163.3","","0.0","","163.3","","0","",,"",,""
"1979-11","1979","11","","","","","","","","","","","117.6","","0.0","","117.6","","0","",,"",,""
"1979-12","1979","12","","","","","","","","","","","348.6","","0.0","","348.6","E","0","",,"",,""
"1980-01","1980","01","","","","","","","","","","","98.0","","24.5","","122.5","","0","",,"",,""
"1980-02","1980","02","","","","","","","","","","","251.2","","0.0","T","251.2","","0","",,"",,""
"1980-03","1980","03","","","","","","","","","","","142.6","","0.0","T","142.6","","0","",,"",,""
"1980-04","1980","04","","","","","","","","","","","88.2","","0.0","","88.2","","0","",,"",,""
"1980-05","1980","05","","","","","","","","","","","","M","0.0","","","M","0","",,"",,""
"1980-06","1980","06","","","","","","","","","","","118.4","","0.0","","118.4","","0","",,"",,""
"1980-07","1980","07","","","","","","","","","","","114.2","","0.0","","114.2","","0","",,"",,""
"1980-08","1980","08","","","","","","","","","","","","M","0.0","","","M","0","",,"",,""
"1980-09","1980","09","","","","","","","","","","","114.6","","0.0","","114.6","","0","",,"",,""
"1980-10","1980","10","","","","","","","","","","","110.7","","0.0","","110.7","","0","",,"",,""
"1980-11","1980","11","","","","","","","","","","","277.8","","0.0","","277.8","","0","",,"",,""
"1980-12","1980","12","","","","","","","","","","","225.0","","43.6","E","268.6","E","0","",,"",,""
"1981-01","1981","01","","","","","","","","","","","108.8","","0.0","","108.8","","0","",,"",,""
"1981-02","1981","02","","","","","","","","","","","128.2","E","0.5","E","128.7","E","0","",,"",,""
"1981-03","1981","03","","","","","","","","","","","","M","0.0","","","M","0","",,"",,""
"1981-04","1981","04","","","","","","","","","","","","M","0.0","","","M","0","",,"",,""
"1981-05","1981","05","","","","","","","","","","","89.9","","0.0","","89.9","","0","",,"",,""
"1981-06","1981","06","","","","","","","","","","","69.6","","0.0","","69.6","","0","",,"",,""
"1981-07","1981","07","","","","","","","","","","","26.0","","0.0","","26.0","","0","",,"",,""
"1981-08","1981","08","","","","","","","","","","","50.4","E","0.0","","50.4","E","0","",,"",,""
"1981-09","1981","09","","","","","","","","","","","127.7","","0.0","","127.7","","0","",,"",,""
"1981-10","1981","10","","","","","","","","","","","","M","0.0","","","M","0","",,"",,""
"1981-11","1981","11","","","","","","","","","","","147.2","E","0.0","","147.2","E","0","",,"",,""
"1981-12","1981","12","","","","","","","","","","","","M","2.0","","","M","","M",,"",,""
"1982-01","1982","01","","","","","","","","","","","99.1","","4.3","E","103.4","E","0","",,"",,""
"1982-02","1982","02","","","","","","","","","","","136.1","","20.4","","156.5","","","M",,"",,""
"1982-03","1982","03","","","","","","","","","","","64.2","","0.0","","64.2","","0","",,"",,""
"1982-04","1982","04","","","","","","","","","","","74.3","","0.0","","74.3","","0","",,"",,""
"1982-05","1982","05","","","","","","","","","","","19.0","E","0.0","","19.0","E","0","",,"",,""
"1982-06","1982","06","","","","","","","","","","","30.2","","0.0","","30.2","","0","",,"",,""
"1982-07","1982","07","","","","","","","","","","","52.5","","0.0","","52.5","","0","",,"",,""
"1982-08","1982","08","","","","","","","","","","","21.2","","0.0","","21.2","","0","",,"",,""
"1982-09","1982","09","","","","","","","","","","","38.6","E","0.0","","38.6","E","0","",,"",,""
"1982-10","1982","10","","","","","","","","","","","179.9","","0.0","","179.9","","0","",,"",,""
"1982-11","1982","11","","","","","","","","","","","143.5","","0.0","","143.5","","0","",,"",,""
"1982-12","1982","12","","","","","","","","","","","117.2","","0.0","","117.2","","0","",,"",,""
"1983-01","1983","01","","","","","","","","","","","163.5","","0.0","","163.5","","0","",,"",,""
"1983-02","1983","02","","","","","","","","","","","433.9","","0.0","","433.9","","0","",,"",,""
"1983-03","1983","03","","","","","","","","","","","237.2","E","0.0","","237.2","E","0","",,"",,""
"1983-04","1983","04","","","","","","","","","","","69.9","","0.0","","69.9","","0","",,"",,""
"1983-05","1983","05","","","","","","","","","","","43.8","E","0.0","","43.8","E","0","",,"",,""
"1983-06","1983","06","","","","","","","","","","","141.1","","0.0","","141.1","","0","",,"",,""
"1983-07","1983","07","","","","","","","","","","","146.5","","0.0","","146.5","","0","",,"",,""
"1983-08","1983","08","","","","","","","","","","","34.8","","0.0","","34.8","","0","",,"",,""
"1983-09","1983","09","","","","","","","","","","","143.9","E","0.0","","143.9","E","0","",,"",,""
"1983-10","1983","10","","","","","","","","","","","151.0","","0.0","","151.0","","0","",,"",,""
"1983-11","1983","11","","","","","","","","","","","490.1","","0.0","","490.1","","0","",,"",,""
"1983-12","1983","12","","","","","","","","","","","85.7","","0.0","","85.7","","0","",,"",,""
"1984-01","1984","01","","","","","","","","","","","256.2","","13.0","","269.2","","0","",,"",,""
"1984-02","1984","02","","","","","","","","","","","254.9","","0.0","","254.9","","0","",,"",,""
"1984-03","1984","03","","","","","","","","","","","99.1","","0.0","","99.1","","0","",,"",,""
"1984-04","1984","04","","","","","","","","","","","120.7","E","0.0","","120.7","E","0","",,"",,""
"1984-05","1984","05","","","","","","","","","","","169.3","","0.0","","169.3","","0","",,"",,""
"1984-06","1984","06","","","","","","","","","","","81.1","","0.0","","81.1","","0","",,"",,""
"1984-07","1984","07","","","","","","","","","","","12.5","E","0.0","","12.5","E","0","",,"",,""
"1984-08","1984","08","","","","","","","","","","","19.6","E","0.0","","19.6","E","0","",,"",,""
"1984-09","1984","09","","","","","","","","","","","81.2","E","0.0","","81.2","E","0","",,"",,""
"1984-10","1984","10","","","","","","","","","","","249.1","E","5.0","E","254.1","E","0","",,"",,""
"1984-11","1984","11","","","","","","","","","","","277.7","E","6.2","E","283.9","E","","M",,"",,""
"1984-12","1984","12","","","","","","","","","","","179.1","E","22.1","E","201.2","E","","M",,"",,""
"1985-01","1985","01","","","","","","","","","","","40.6","E","7.0","E","47.6","E","0","",,"",,""
"1985-02","1985","02","","","","","","","","","","","80.4","E","34.3","E","114.7","E","0","",,"",,""
"1985-03","1985","03","","","","","","","","","","","114.1","E","1.8","E","115.9","E","0","",,"",,""
"1985-04","1985","04","","","","","","","","","","","113.1","","0.0","","113.1","","0","",,"",,""
"1985-05","1985","05","","","","","","","","","","","39.5","E","0.0","","39.5","E","0","",,"",,""
"1985-06","1985","06","","","","","","","","","","","","M","","M","","M","","M",,"",,""
"1985-07","1985","07","","","","","","","","","","","0.0","","0.0","","0.0","","0","",,"",,""
"1985-08","1985","08","","","","","","","","","","","43.9","E","0.0","","43.9","E","0","",,"",,""
"1985-09","1985","09","","","","","","","","","","","72.4","E","0.0","","72.4","E","0","",,"",,""
"1985-10","1985","10","","","","","","","","","","","207.6","","0.0","","207.6","","0","",,"",,""
"1985-11","1985","11","","","","","","","","","","","70.7","E","58.2","E","128.9","E","","M",,"",,""
"1985-12","1985","12","","","","","","","","","","","91.7","E","13.7","E","105.4","E","0","",,"",,""
"1986-01","1986","01","","","","","","","","","","","220.4","E","1.0","E","221.4","E","0","",,"",,""
"1986-02","1986","02","","","","","","","","","","","","M","","M","","M","","M",,"",,""
"1986-03","1986","03","","","","","","","","","","","154.3","","0.0","","154.3","","0","",,"",,""
"1986-04","1986","04","","","","","","","","","","","106.9","","0.0","","106.9","","0","",,"",,""
"1986-05","1986","05","","","","","","","","","","","162.6","E","0.0","","162.6","E","0","",,"",,""
"1986-06","1986","06","","","","","","","","","","","61.4","","0.0","","61.4","","0","",,"",,""
"1986-07","1986","07","","","","","","","","","","","51.8","E","0.0","","51.8","E","0","",,"",,""
"1986-08","1986","08","","","","","","","","","","","12.2","","0.0","","12.2","","0","",,"",,""
"1986-09","1986","09","","","","","","","","","","","90.2","","0.0","","90.2","","0","",,"",,""
"1986-10","1986","10","","","","","","","","","","","37.8","E","0.0","","37.8","E","0","",,"",,""
"1986-11","1986","11","","","","","","","","","","","165.6","","0.0","T","165.6","","0","",,"",,""
"1986-12","1986","12","","","","","","","","","","","263.5","","0.0","","263.5","","0","",,"",,""
"1987-01","1987","01","","","","","","","","","","","194.0","E","2.0","E","196.0","E","0","",,"",,""
"1987-02","1987","02","","","","","","","","","","","","M","","M","","M","","M",,"",,""
"1987-03","1987","03","","","","","","","","","","","189.3","E","1.3","E","190.6","E","0","",,"",,""
"1987-04","1987","04","","","","","","","","","","","119.2","E","0.0","","119.2","E","0","",,"",,""
"1987-05","1987","05","","","","","","","","","","","95.9","","0.0","","95.9","","0","",,"",,""
"1987-06","1987","06","","","","","","","","","","","16.4","","0.0","","16.4","","0","",,"",,""
"1987-07","1987","07","","","","","","","","","","","43.3","","0.0","","43.3","","0","",,"",,""
"1987-08","1987","08","","","","","","","","","","","13.4","","0.0","","13.4","","0","",,"",,""
"1987-09","1987","09","","","","","","","","","","","32.9","","0.0","","32.9","","0","",,"",,""
"1987-10","1987","10","","","","","","","","","","","49.3","","0.0","","49.3","","0","",,"",,""
"1987-11","1987","11","","","","","","","","","","","180.3","","0.0","","180.3","","0","",,"",,""
"1987-12","1987","12","","","","","","","","","","","174.3","","0.0","T","174.3","","0","",,"",,""
"1988-01","1988","01","","","","","","","","","","","138.5","","0.0","","138.5","","0","",,"",,""
"1988-02","1988","02","","","","","","","","","","","107.7","","2.5","","110.2","","0","",,"",,""
"1988-03","1988","03","","","","","","","","","","","152.9","","0.0","","152.9","","0","",,"",,""
"1988-04","1988","04","","","","","","","","","","","116.8","","0.0","","116.8","","0","",,"",,""
"1988-05","1988","05","","","","","","","","","","","198.7","","0.0","","198.7","","0","",,"",,""
"1988-06","1988","06","","","","","","","","","","","55.3","","0.0","","55.3","","0","",,"",,""
"1988-07","1988","07","","","","","","","","","","","64.2","","0.0","","64.2","","0","",,"",,""
"1988-08","1988","08","","","","","","","","","","","77.1","","0.0","","77.1","","0","",,"",,""
"1988-09","1988","09","","","","","","","","","","","","M","","M","","M","","M",,"",,""
"1988-10","1988","10","","","","","","","","","","","125.7","E","0.0","","125.7","E","0","",,"",,""
"1988-11","1988","11","","","","","","","","","","","288.5","E","1.0","E","289.5","E","0","",,"",,""
"1988-12","1988","12","","","","","","","","","","","216.0","E","1.2","E","217.2","E","0","",,"",,""
"1989-01","1989","01","","","","","","","","","","","115.3","E","29.5","E","144.8","E","0","",,"",,""
"1989-02","1989","02","","","","","","","","","","","74.1","E","16.8","E","90.9","E","0","",,"",,""
"1989-03","1989","03","","","","","","","","","","","126.0","","0.0","T","126.0","","0","",,"",,""
"1989-04","1989","04","","","","","","","","","","","66.9","","0.0","","66.9","","0","",,"",,""
"1989-05","1989","05","","","","","","","","","","","105.2","","0.0","","105.2","","0","",,"",,""
"1989-06","1989","06","","","","","","","","","","","96.5","E","0.0","","96.5","E","0","",,"",,""
"1989-07","1989","07","","","","","","","","","","","55.0","","0.0","","55.0","","0","",,"",,""
"1989-08","1989","08","","","","","","","","","","","77.3","","0.0","","77.3","","0","",,"",,""
"1989-09","1989","09","","","","","","","","","","","28.0","","0.0","","28.0","","0","",,"",,""
"1989-10","1989","10","","","","","","","","","","","180.6","","0.0","","180.6","","0","",,"",,""
"1989-11","1989","11","","","","","","","","","","","200.2","","0.0","","200.2","","0","",,"",,""
"1989-12","1989","12","","","","","","","","","","","131.7","","0.0","","131.7","","0","",,"",,""
"1990-01","1990","01","","","","","","","","","","","218.4","E","13.0","E","231.4","E","0","",,"",,""
"1990-02","1990","02","","","","","","","","","","","113.3","E","29.2","E","142.5","E","0","",,"",,""
"1990-03","1990","03","","","","","","","","","","","96.8","E","6.0","E","102.8","E","0","",,"",,""
"1990-04","1990","04","","","","","","","","","","","99.4","","0.0","","99.4","","0","",,"",,""
"1990-05","1990","05","","","","","","","","","","","91.9","","0.0","","91.9","","0","",,"",,""
"1990-06","1990","06","","","","","","","","","","","174.2","E","0.0","","174.2","E","0","",,"",,""
"1990-07","1990","07","","","","","","","","","","","18.1","","0.0","","18.1","","0","",,"",,""
"1990-08","1990","08","","","","","","","","","","","72.3","","0.0","","72.3","","0","",,"",,""
"1990-09","1990","09","","","","","","","","","","","7.9","","0.0","","7.9","","0","",,"",,""
"1990-10","1990","10","","","","","","","","","","","213.0","","0.0","","213.0","","0","",,"",,""
"1990-11","1990","11","","","","","","","","","","","250.5","E","2.5","E","253.0","E","0","",,"",,""
"1990-12","1990","12","","","","","","","","","","","147.1","E","65.8","E","212.9","E","","M",,"",,""
"1991-01","1991","01","","","","","","","","","","","155.0","E","52.0","E","207.0","E","0","",,"",,""
"1991-02","1991","02","","","","","","","","","","","175.3","","0.5","E","175.8","E","0","",,"",,""
"1991-03","1991","03","","","","","","","","","","","63.7","E","16.0","E","79.7","E","0","",,"",,""
"1991-04","1991","04","","","","","","","","","","","104.6","","0.0","","104.6","","0","",,"",,""
"1991-05","1991","05","","","","","","","","","","","77.5","","0.0","","77.5","","0","",,"",,""
"1991-06","1991","06","","","","","","","","","","","80.7","","0.0","","80.7","","0","",,"",,""
"1991-07","1991","07","","","","","","","","","","","65.2","","0.0","","65.2","","0","",,"",,""
"1991-08","1991","08","","","","","","","","","","","186.3","","0.0","","186.3","","0","",,"",,""
"1991-09","1991","09","","","","","","","","","","","3.6","","0.0","","3.6","","0","",,"",,""
"1991-10","1991","10","","","","","","","","","","","35.5","","1.0","","36.5","","0","",,"",,""
"1991-11","1991","11","","","","","","","","","","","283.8","","0.0","","283.8","","0","",,"",,""
"1991-12","1991","12","","","","","","","","","","","190.6","","0.0","","190.6","","0","",,"",,""
"1992-01","1992","01","","","","","","","","","","","353.3","","0.0","","353.3","","0","",,"",,""
"1992-02","1992","02","","","","","","","","","","","178.1","","5.0","","183.1","","0","",,"",,""
"1992-03","1992","03","","","","","","","","","","","46.6","","0.0","","46.6","","0","",,"",,""
"1992-04","1992","04","","","","","","","","","","","158.7","","0.0","","158.7","","0","",,"",,""
"1992-05","1992","05","","","","","","","","","","","40.8","","0.0","","40.8","","0","",,"",,""
"1992-06","1992","06","","","","","","","","","","","73.9","","0.0","","73.9","","0","",,"",,""
"1992-07","1992","07","","","","","","","","","","","29.8","","0.0","","29.8","","0","",,"",,""
"1992-08","1992","08","","","","","","","","","","","78.7","","0.0","","78.7","","0","",,"",,""
"1992-09","1992","09","","","","","","","","","","","71.2","","0.0","","71.2","","0","",,"",,""
"1992-10","1992","10","","","","","","","","","","","222.4","","0.0","","222.4","","0","",,"",,""
"1992-11","1992","11","","","","","","","","","","","203.9","","0.0","","203.9","","0","",,"",,""
"1992-12","1992","12","","","","","","","","","","","113.8","","42.2","E","156.0","E","","M",,"",,""
"1993-01","1993","01","","","","","","","","","","","82.1","","23.0","","105.1","","0","",,"",,""
"1993-02","1993","02","","","","","","","","","","","10.2","","0.0","","10.2","","0","",,"",,""
"1993-03","1993","03","","","","","","","","","","","139.0","E","0.0","","139.0","E","0","",,"",,""
"1993-04","1993","04","","","","","","","","","","","197.7","","0.0","","197.7","","0","",,"",,""
"1993-05","1993","05","","","","","","","","","","","190.1","","0.0","","190.1","","0","",,"",,""
"1993-06","1993","06","","","","","","","","","","","86.1","","0.0","","86.1","","0","",,"",,""
"1993-07","1993","07","","","","","","","","","","","86.0","","0.0","","86.0","","0","",,"",,""
"1993-08","1993","08","","","","","","","","","","","55.4","","0.0","","55.4","","0","",,"",,""
"1993-09","1993","09","","","","","","","","","","","1.4","","0.0","","1.4","","0","",,"",,""
"1993-10","1993","10","","","","","","","","","","","96.1","","0.0","","96.1","","0","",,"",,""
"1993-11","1993","11","","","","","","","","","","","137.1","","0.0","","137.1","","0","",,"",,""
"1993-12","1993","12","","","","","","","","","","","280.4","","0.0","","280.4","","0","",,"",,""
"1994-01","1994","01","","","","","","","","","","","169.4","","0.0","","169.4","","0","",,"",,""
"1994-02","1994","02","","","","","","","","","","","201.8","","6.5","","208.3","","0","",,"",,""
"1994-03","1994","03","","","","","","","","","","","124.0","","0.0","T","124.0","","0","",,"",,""
"1994-04","1994","04","","","","","","","","","","","98.7","","0.0","","98.7","","0","",,"",,""
"1994-05","1994","05","","","","","","","","","","","78.8","","0.0","","78.8","","0","",,"",,""
"1994-06","1994","06","","","","","","","","","","","143.8","","0.0","","143.8","","0","",,"",,""
"1994-07","1994","07","","","","","","","","","","","17.8","","0.0","","17.8","","0","",,"",,""
"1994-08","1994","08","","","","","","","","","","","39.1","","0.0","","39.1","","0","",,"",,""
"1994-09","1994","09","","","","","","","","","","","68.1","","0.0","","68.1","","0","",,"",,""
"1994-10","1994","10","","","","","","","","","","","137.4","","0.0","","137.4","","0","",,"",,""
"1994-11","1994","11","","","","","","","","","","","224.1","","7.0","","231.1","","0","",,"",,""
"1994-12","1994","12","","","","","","","","","","","233.6","","13.4","","247.0","","0","",,"",,""
"1995-01","1995","01","","","","","","","","","","","256.5","","0.0","","256.5","","0","",,"",,""
"1995-02","1995","02","","","","","","","","","","","124.3","","13.0","","137.3","","0","",,"",,""
"1995-03","1995","03","","","","","","","","","","","181.6","","0.0","T","181.6","","0","",,"",,""
"1995-04","1995","04","","","","","","","","","","","86.6","","0.0","","86.6","","0","",,"",,""
"1995-05","1995","05","","","","","","","","","","","54.7","","0.0","","54.7","","0","",,"",,""
"1995-06","1995","06","","","","","","","","","","","101.7","","0.0","","101.7","","0","",,"",,""
"1995-07","1995","07","","","","","","","","","","","99.7","","0.0","","99.7","","0","",,"",,""
"1995-08","1995","08","","","","","","","","","","","71.8","","0.0","","71.8","","0","",,"",,""
"1995-09","1995","09","","","","","","","","","","","42.2","","0.0","","42.2","","0","",,"",,""
"1995-10","1995","10","","","","","","","","","","","210.5","","0.0","","210.5","","0","",,"",,""
"1995-11","1995","11","","","","","","","","","","","314.2","","0.0","T","314.2","","0","",,"",,""
"1995-12","1995","12","","","","","","","","","","","293.4","","0.0","T","293.4","","0","",,"",,""
"1996-01","1996","01","","","","","","","","","","","174.3","","26.0","","200.3","","","M",,"",,""
"1996-02","1996","02","","","","","","","","","","","133.1","","4.0","","137.1","","0","",,"",,""
"1996-03","1996","03","","","","","","","","","","","78.1","","16.0","","94.1","","0","",,"",,""
"1996-04","1996","04","","","","","","","","","","","220.0","","0.0","","220.0","","0","",,"",,""
"1996-05","1996","05","","","","","","","","","","","82.5","","0.0","","82.5","","0","",,"",,""
"1996-06","1996","06","","","","","","","","","","","49.0","","0.0","","49.0","","0","",,"",,""
"1996-07","1996","07","","","","","","","","","","","34.2","","0.0","","34.2","","0","",,"",,""
"1996-08","1996","08","","","","","","","","","","","37.2","","0.0","","37.2","","0","",,"",,""
"1996-09","1996","09","","","","","","","","","","","143.4","","0.0","","143.4","","0","",,"",,""
"1996-10","1996","10","","","","","","","","","","","252.6","","0.0","","252.6","","0","",,"",,""
"1996-11","1996","11","","","","","","","","","","","217.2","","23.1","","240.3","","0","",,"",,""
"1996-12","1996","12","","","","","","","","","","","213.4","","57.0","","270.4","","","M",,"",,""
"1997-01","1997","01","","","","","","","","","","","219.2","","0.0","","219.2","","","",,"",,""
"1997-02","1997","02","","","","","","","","","","","122.1","","0.0","","122.1","","0","",,"",,""
"1997-03","1997","03","","","","","","","","","","","241.0","","8.0","","249.0","","0","",,"",,""
"1997-04","1997","04","","","","","","","","","","","138.2","","0.0","","138.2","","0","",,"",,""
"1997-05","1997","05","","","","","","","","","","","111.2","","0.0","","111.2","","0","",,"",,""
"1997-06","1997","06","","","","","","","","","","","147.3","","0.0","","147.3","","0","",,"",,""
"1997-07","1997","07","","","","","","","","","","","56.2","","0.0","","56.2","","0","",,"",,""
"1997-08","1997","08","","","","","","","","","","","102.7","","0.0","","102.7","","0","",,"",,""
"1997-09","1997","09","","","","","","","","","","","240.0","","0.0","","240.0","","0","",,"",,""
"1997-10","1997","10","","","","","","","","","","","275.0","","0.0","","275.0","","0","",,"",,""
"1997-11","1997","11","","","","","","","","","","","197.1","","0.0","","197.1","","0","",,"",,""
"1997-12","1997","12","","","","","","","","","","","165.6","","0.0","","165.6","","0","",,"",,""
"1998-01","1998","01","","","","","","","","","","","245.0","","10.5","","255.5","","","M",,"",,""
"1998-02","1998","02","","","","","","","","","","","205.6","","0.0","","205.6","","0","",,"",,""
"1998-03","1998","03","","","","","","","","","","","113.8","","0.0","","113.8","","0","",,"",,""
"1998-04","1998","04","","","","","","","","","","","57.1","","0.0","","57.1","","0","",,"",,""
"1998-05","1998","05","","","","","","","","","","","140.8","","0.0","","140.8","","0","",,"",,""
"1998-06","1998","06","","","","","","","","","","","81.8","","0.0","","81.8","","0","",,"",,""
"1998-07","1998","07","","","","","","","","","","","82.1","","0.0","","82.1","","0","",,"",,""
"1998-08","1998","08","","","","","","","","","","","5.7","","0.0","","5.7","","0","",,"",,""
"1998-09","1998","09","","","","","","","","","","","19.2","","0.0","","19.2","","0","",,"",,""
"1998-10","1998","10","","","","","","","","","","","209.2","","0.0","","209.2","","0","",,"",,""
"1998-11","1998","11","","","","","","","","","","","398.7","","0.0","","398.7","","0","",,"",,""
"1998-12","1998","12","","","","","","","","","","","237.3","","20.0","","257.3","","0","",,"",,""
"1999-01","1999","01","","","","","","","","","","","280.7","","0.0","","280.7","","0","",,"",,""
"1999-02","1999","02","","","","","","","","","","","278.1","","12.0","","290.1","","0","",,"",,""
"1999-03","1999","03","","","","","","","","","","","182.8","","0.0","","182.8","","0","",,"",,""
"1999-04","1999","04","","","","","","","","","","","77.9","","0.0","","77.9","","0","",,"",,""
"1999-05","1999","05","","","","","","","","","","","98.0","","0.0","","98.0","","0","",,"",,""
"1999-06","1999","06","","","","","","","","","","","116.4","","0.0","","116.4","","0","",,"",,""
"1999-07","1999","07","","","","","","","","","","","53.1","","0.0","","53.1","","0","",,"",,""
"1999-08","1999","08","","","","","","","","","","","49.4","","0.0","","49.4","","0","",,"",,""
"1999-09","1999","09","","","","","","","","","","","45.4","","0.0","","45.4","","0","",,"",,""
"1999-10","1999","10","","","","","","","","","","","119.2","","0.0","","119.2","","0","",,"",,""
"1999-11","1999","11","","","","","","","","","","","311.8","","0.0","","311.8","","0","",,"",,""
"1999-12","1999","12","","","","","","","","","","","212.2","","0.0","","212.2","","0","",,"",,""
"2000-01","2000","01","","","","","","","","","","","150.4","","20.3","","170.7","","0","",,"",,""
"2000-02","2000","02","","","","","","","","","","","129.9","","0.0","","129.9","","0","",,"",,""
"2000-03","2000","03","","","","","","","","","","","177.4","","0.0","","177.4","","0","",,"",,""
"2000-04","2000","04","","","","","","","","","","","75.0","","0.0","","75.0","","0","",,"",,""
"2000-05","2000","05","","","","","","","","","","","124.3","","0.0","","124.3","","0","",,"",,""
"2000-06","2000","06","","","","","","","","","","","128.4","","0.0","","128.4","","0","",,"",,""
"2000-07","2000","07","","","","","","","","","","","69.4","","0.0","","69.4","","0","",,"",,""
"2000-08","2000","08","","","","","","","","","","","30.9","","0.0","","30.9","","0","",,"",,""
"2000-09","2000","09","","","","","","","","","","","65.3","","0.0","","65.3","","0","",,"",,""
"2000-10","2000","10","","","","","","","","","","","175.0","","0.0","","175.0","","0","",,"",,""
"2000-11","2000","11","","","","","","","","","","","91.5","","0.0","","91.5","","0","",,"",,""
"2000-12","2000","12","","","","","","","","","","","85.7","E","25.5","E","111.2","E","0","",,"",,""
"2001-01","2001","01","","","","","","","","","","","135.6","E","1.0","E","136.6","E","0","",,"",,""
"2001-02","2001","02","","","","","","","","","","","51.8","","13.0","","64.8","","0","",,"",,""
"2001-03","2001","03","","","","","","","","","","","121.9","","0.0","T","121.9","","0","",,"",,""
"2001-04","2001","04","","","","","","","","","","","93.1","E","0.0","","93.1","E","0","",,"",,""
"2001-05","2001","05","","","","","","","","","","","62.3","","0.0","","62.3","","0","",,"",,""
"2001-06","2001","06","","","","","","","","","","","75.6","","0.0","","75.6","","0","",,"",,""
"2001-07","2001","07","","","","","","","","","","","44.9","","0.0","","44.9","","0","",,"",,""
"2001-08","2001","08","","","","","","","","","","","114.8","","0.0","","114.8","","0","",,"",,""
"2001-09","2001","09","","","","","","","","","","","66.4","","0.0","","66.4","","0","",,"",,""
"2001-10","2001","10","","","","","","","","","","","141.8","","0.0","","141.8","","0","",,"",,""
"2001-11","2001","11","","","","","","","","","","","222.6","E","5.4","","228.0","E","","M",,"",,""
"2001-12","2001","12","","","","","","","","","","","248.1","","0.0","","248.1","","0","",,"",,""
"2002-01","2002","01","","","","","","","","","","","77.2","I","0.0","I","77.2","I","","M",,"",,""
"2002-02","2002","02","","","","","","","","","","","149.8","","0.0","T","149.8","","0","",,"",,""
"2002-03","2002","03","","","","","","","","","","","113.6","","","M","100.0","I","0","",,"",,""
"2002-04","2002","04","","","","","","","","","","","94.0","","0.0","","94.0","","0","",,"",,""
"2002-05","2002","05","","","","","","","","","","","66.4","","0.0","","66.4","","0","",,"",,""
"2002-06","2002","06","","","","","","","","","","","43.2","E","0.0","","43.2","E","0","",,"",,""
"2002-07","2002","07","","","","","","","","","","","46.6","","0.0","","46.6","","0","",,"",,""
"2002-08","2002","08","","","","","","","","","","","16.6","","0.0","","16.6","","0","",,"",,""
"2002-09","2002","09","","","","","","","","","","","","","","","","","","",,"",,""
"2002-10","2002","10","","","","","","","","","","","39.6","","0.0","","39.6","","0","",,"",,""
"2002-11","2002","11","","","","","","","","","","","228.3","","0.0","","228.3","","0","",,"",,""
"2002-12","2002","12","","","","","","","","","","","179.6","","0.0","T","179.6","","0","",,"",,""
"2003-01","2003","01","","","","","","","","","","","267.0","","0.0","","267.0","","0","",,"",,""
"2003-02","2003","02","","","","","","","","","","","48.0","","0.0","","48.0","","0","",,"",,""
"2003-03","2003","03","","","","","","","","","","","205.0","","15.0","E","220.0","E","0","",,"",,""
"2003-04","2003","04","","","","","","","","","","","214.4","","0.0","","214.4","","0","",,"",,""
"2003-05","2003","05","","","","","","","","","","","99.0","","0.0","","99.0","","0","",,"",,""
"2003-06","2003","06","","","","","","","","","","","26.4","","0.0","","26.4","","0","",,"",,""
"2003-07","2003","07","","","","","","","","","","","17.8","","0.0","","17.8","","0","",,"",,""
"2003-08","2003","08","","","","","","","","","","","39.9","","0.0","","39.9","","0","",,"",,""
"2003-09","2003","09","","","","","","","","","","","61.0","","0.0","","61.0","","0","",,"",,""
"2003-10","2003","10","","","","","","","","","","","336.1","","0.0","","336.1","","0","",,"",,""
"2003-11","2003","11","","","","","","","","","","","143.4","","0.0","T","143.4","","0","",,"",,""
"2003-12","2003","12","","","","","","","","","","","194.9","","42.4","","237.3","","","M",,"",,""
"2004-01","2004","01","","","","","","","","","","","188.5","","42.5","","231.0","","","M",,"",,""
"2004-02","2004","02","","","","","","","","","","","129.2","","0.0","","129.2","","0","",,"",,""
"2004-03","2004","03","","","","","","","","","","","","","","","","","","",,"",,""
"2004-04","2004","04","","","","","","","","","","","89.1","","0.0","","89.1","","0","",,"",,""
"2004-05","2004","05","","","","","","","","","","","89.1","","0.0","","89.1","","0","",,"",,""
"2004-06","2004","06","","","","","","","","","","","35.8","","0.0","","35.8","","0","",,"",,""
"2004-07","2004","07","","","","","","","","","","","30.0","","0.0","","30.0","","0","",,"",,""
"2004-08","2004","08","","","","","","","","","","","117.6","","0.0","","117.6","","0","",,"",,""
"2004-09","2004","09","","","","","","","","","","","97.2","E","0.0","","97.2","E","0","",,"",,""
"2004-10","2004","10","","","","","","","","","","","167.3","","0.0","","167.3","","0","",,"",,""
"2004-11","2004","11","","","","","","","","","","","213.1","","0.0","","213.1","","0","",,"",,""
"2004-12","2004","12","","","","","","","","","","","236.5","","0.0","","236.5","","0","",,"",,""
"2005-01","2005","01","","","","","","","","","","","228.4","","20.4","E","248.8","E","0","",,"",,""
"2005-02","2005","02","","","","","","","","","","","45.2","","7.0","","52.2","","0","",,"",,""
"2005-03","2005","03","","","","","","","","","","","172.9","","0.0","","172.9","","0","",,"",,""
"2005-04","2005","04","","","","","","","","","","","136.3","","0.0","","136.3","","0","",,"",,""
"2005-05","2005","05","","","","","","","","","","","123.6","","0.0","","123.6","","0","",,"",,""
"2005-06","2005","06","","","","","","","","","","","","","","","","","","",,"",,""
"2005-07","2005","07","","","","","","","","","","","70.1","","0.0","","70.1","","0","",,"",,""
"2005-08","2005","08","","","","","","","","","","","60.8","","0.0","","60.8","","0","",,"",,""
"2005-09","2005","09","","","","","","","","","","","66.4","","0.0","","66.4","","0","",,"",,""
"2005-10","2005","10","","","","","","","","","","","272.5","","0.0","","272.5","","0","",,"",,""
"2005-11","2005","11","","","","","","","","","","","153.4","","4.0","","157.4","","0","",,"",,""
"2005-12","2005","12","","","","","","","","","","","206.7","","0.5","","207.2","","0","",,"",,""
"2006-01","2006","01","","","","","","","","","","","301.8","","1.0","","302.8","","0","",,"",,""
"2006-02","2006","02","","","","","","","","","","","104.0","","10.0","","114.0","","0","",,"",,""
"2006-03","2006","03","","","","","","","","","","","132.3","","9.0","","141.3","","0","",,"",,""
"2006-04","2006","04","","","","","","","","","","","83.7","","0.0","","83.7","","0","",,"",,""
"2006-05","2006","05","","","","","","","","","","","58.6","","0.0","","58.6","","0","",,"",,""
"2006-06","2006","06","","","","","","","","","","","45.1","","0.0","","45.1","","0","",,"",,""
"2006-07","2006","07","","","","","","","","","","","","","","","","","","",,"",,""
"2006-08","2006","08","","","","","","","","","","","16.6","","0.0","","16.6","","0","",,"",,""
"2006-09","2006","09","","","","","","","","","","","75.6","","0.0","","75.6","","0","",,"",,""
"2006-10","2006","10","","","","","","","","","","","80.7","","0.0","","80.7","","0","",,"",,""
"2006-11","2006","11","","","","","","","","","","","351.7","","27.9","","379.6","","","M",,"",,""
"2006-12","2006","12","","","","","","","","","","","200.5","","14.0","","214.5","","0","",,"",,""
"2007-01","2007","01","","","","","","","","","","","186.9","","38.8","","225.7","","0","",,"",,""
"2007-02","2007","02","","","","","","","","","","","189.9","","16.0","","205.9","","0","",,"",,""
