"Station Name","MILL VILLAGE"
"Province","NOVA SCOTIA"
"Latitude","44.18"
"Longitude","-64.67"
"Elevation","15.20"
"Climate Identifier","8203570"
"WMO Identifier",""
"TC Identifier",""

"Legend"
"B","More than one occurrence and estimated"
"E","Estimated"
"M","Missing"
"S","More than one occurrence"
"T","Trace"
"[empty]","No data available"
"^","The value displayed is based on incomplete data"

"Date/Time","Year","Month","Mean Max Temp (°C)","Mean Max Temp Flag","Mean Min Temp (°C)","Mean Min Temp Flag","Mean Temp (°C)","Mean Temp Flag","Extr Max Temp (°C)","Extr Max Temp Flag","Extr Min Temp (°C)","Extr Min Temp Flag","Total Rain (mm)","Total Rain Flag","Total Snow (cm)","Total Snow Flag","Total Precip (mm)","Total Precip Flag","Snow Grnd Last Day (cm)","Snow Grnd Last Day Flag","Dir of Max Gust (10's deg)","Dir of Max Gust Flag","Spd of Max Gust (km/h)","Spd of Max Gust Flag"
"1973-01","1973","01","0.7","","-9.4","","-4.4","","13.9","","-22.2","","98.3","","12.7","","111.0","","3","",,"",,""
"1973-02","1973","02","0.1","","-10.8","","-5.4","","11.1","","-23.3","S","95.0","","32.0","","127.0","","","M",,"",,""
"1973-03","1973","03","6.8","","-4.7","","1.1","","16.1","","-25.0","","94.2","","2.5","","96.8","","","M",,"",,""
"1973-04","1973","04","10.8","","-1.1","","4.9","","23.3","","-9.4","","203.2","","0.0","T","203.2","","","M",,"",,""
"1973-05","1973","05","15.1","","4.4","","9.8","","27.8","","-1.1","S","81.0","","0.0","","81.0","","0","",,"",,""
"1973-06","1973","06","23.0","","10.4","","16.7","","31.7","","0.0","S","132.1","","0.0","","132.1","","0","",,"",,""
"1973-07","1973","07","25.9","","14.5","","20.2","","33.9","","6.7","","99.8","","0.0","","99.8","","0","",,"",,""
"1973-08","1973","08","25.1","","12.8","","19.0","","31.1","","2.8","","81.0","E","0.0","","81.0","E","0","",,"",,""
"1973-09","1973","09","19.7","","6.2","","13.0","","28.9","","-4.4","","36.6","E","0.0","","36.6","E","0","",,"",,""
"1973-10","1973","10","15.0","","1.4","","8.2","","23.9","","-6.7","","68.8","","0.0","","68.8","","0","",,"",,""
"1973-11","1973","11","7.6","","-1.3","","3.2","","16.1","","-9.4","S","74.7","","0.0","","74.7","","0","",,"",,""
"1973-12","1973","12","7.1","","-3.4","","1.9","","13.9","S","-15.6","","181.4","","0.3","","181.6","","","M",,"",,""
"1974-01","1974","01","1.0","","-11.1","","-5.1","","13.9","","-26.7","S","78.0","","59.7","","137.7","","","M",,"",,""
"1974-02","1974","02","-0.5","","-14.6","","-7.6","","10.0","","-30.0","S","100.1","","133.4","","233.4","","","M",,"",,""
"1974-03","1974","03","5.0","","-6.2","","-0.6","","15.0","","-16.7","","116.8","","21.8","","138.7","","","M",,"",,""
"1974-04","1974","04","11.7","","0.0","","5.9","","23.3","","-8.3","","75.2","","2.0","","77.2","","","M",,"",,""
"1974-05","1974","05","13.1","","1.3","","7.2","","27.2","","-5.6","S","129.3","","3.3","","132.6","","","M",,"",,""
"1974-06","1974","06","22.4","","7.6","","15.0","","31.1","","-1.1","","83.1","","0.0","","83.1","","0","",,"",,""
"1974-07","1974","07","22.3","","10.1","","16.2","","30.0","","3.3","","53.8","","0.0","","53.8","","0","",,"",,""
"1974-08","1974","08","25.4","","10.6","","18.0","","30.0","","1.7","","111.3","","0.0","","111.3","","0","",,"",,""
"1974-09","1974","09","19.8","","8.6","","14.2","","26.7","","-1.7","","149.4","","0.0","","149.4","","0","",,"",,""
"1974-10","1974","10","12.5","","-0.2","","6.2","","25.0","","-9.4","","90.2","","20.3","","110.5","","","M",,"",,""
"1974-11","1974","11","8.9","","0.2","","4.6","","21.1","","-8.9","","129.5","","0.0","T","129.5","","","M",,"",,""
"1974-12","1974","12","3.7","","-4.8","","-0.6","","12.8","S","-13.3","","135.4","","8.6","","144.0","","","M",,"",,""
"1975-01","1975","01","2.1","","-8.3","","-3.1","","15.6","","-22.2","","198.6","","35.3","","233.9","","","M",,"",,""
"1975-02","1975","02","-1.1","","-13.9","","-7.5","","10.0","","-27.8","S","17.8","","49.3","","67.1","","","M",,"",,""
"1975-03","1975","03","3.5","","-6.6","","-1.6","","12.8","","-20.0","","90.4","","32.0","","122.4","","","M",,"",,""
"1975-04","1975","04","8.9","","-2.2","","3.4","","16.1","S","-11.1","","113.3","","4.1","","117.3","","","M",,"",,""
"1975-05","1975","05","16.9","","2.4","","9.7","","26.1","","-6.1","","62.5","","0.0","","62.5","","0","",,"",,""
"1975-06","1975","06","22.3","","6.7","","14.5","","33.9","","-0.6","S","111.0","","0.0","","111.0","","0","",,"",,""
"1975-07","1975","07","26.1","","13.8","","20.0","","31.7","S","0.0","","74.4","","0.0","","74.4","","0","",,"",,""
"1975-08","1975","08","22.9","","","M","","M","29.4","","1.7","","47.0","","0.0","","47.0","","0","",,"",,""
"1975-09","1975","09","20.3","","7.3","","13.8","","23.9","S","-1.7","","100.6","","0.0","","100.6","","0","",,"",,""
"1975-10","1975","10","15.0","","1.3","","8.2","","23.9","","-8.3","","171.2","","0.0","","171.2","","","M",,"",,""
"1975-11","1975","11","11.2","","-0.1","","5.6","","22.2","","-9.4","S","165.1","","0.0","","165.1","","","M",,"",,""
"1975-12","1975","12","4.1","","-7.6","","-1.8","","15.6","","-20.0","","290.3","","10.9","","301.2","","","M",,"",,""
"1976-01","1976","01","1.6","","-9.2","","-3.8","","15.0","S","-22.8","","123.7","","17.3","","141.0","","","M",,"",,""
"1976-02","1976","02","4.6","","-8.4","","-1.9","","15.0","","-19.4","S","90.9","","27.7","","118.6","","","M",,"",,""
"1976-03","1976","03","5.8","","-6.2","","-0.2","","17.2","","-21.1","","81.3","","28.4","","109.7","","0","",,"",,""
"1976-04","1976","04","12.3","","-0.4","","6.0","","25.6","S","-8.9","","111.3","","0.0","T","111.3","","0","",,"",,""
"1976-05","1976","05","17.6","","4.8","","11.2","","28.3","","-2.2","S","130.6","","0.0","","130.6","","0","",,"",,""
"1976-06","1976","06","24.5","","11.0","","17.8","","32.8","","-1.1","","33.0","","0.0","","33.0","","0","",,"",,""
"1976-07","1976","07","24.9","","12.3","","18.6","","31.7","","3.9","","","M","","M","","M","0","",,"",,""
"1976-08","1976","08","25.5","","12.2","","18.9","","36.7","","-0.6","","44.2","","0.0","","44.2","","0","",,"",,""
"1976-09","1976","09","20.9","","6.4","","13.7","","28.9","","-2.8","","87.4","","0.0","","87.4","","0","",,"",,""
"1976-10","1976","10","14.1","","1.7","","7.9","","23.9","","-7.2","","161.5","","0.0","","161.5","","0","",,"",,""
"1976-11","1976","11","7.3","","-1.7","","2.8","","14.4","","-11.7","","46.7","","35.6","","82.3","","0","",,"",,""
"1976-12","1976","12","2.1","","-9.4","","-3.7","","12.8","","-17.2","","180.8","","0.8","","181.6","","0","",,"",,""
"1977-01","1977","01","-0.9","","-13.5","","-7.2","","7.2","S","-30.6","","87.2","","59.7","","146.9","","0","T",,"",,""
"1977-02","1977","02","1.2","","-9.4","","-4.1","","10.6","","-20.6","","85.2","","25.3","","110.5","","","M",,"",,""
"1977-03","1977","03","7.1","","-3.5","","1.8","","21.7","","-11.1","","125.2","","41.4","","166.6","","0","",,"",,""
"1977-04","1977","04","10.4","","-1.5","","4.5","","26.1","","-11.7","S","92.9","","0.0","","92.9","","0","",,"",,""
"1977-05","1977","05","18.2","","1.7","","10.0","","35.0","","-7.2","","67.5","","0.0","","67.5","","0","",,"",,""
"1977-06","1977","06","","M","","M","","M","","M","","M","","M","","M","","M","","M",,"",,""
"1977-07","1977","07","","M","","M","","M","","M","","M","","M","","M","","M","0","",,"",,""
"1977-08","1977","08","25.1","","13.2","","19.2","","32.2","","2.2","","48.8","","0.0","","48.8","","0","",,"",,""
"1977-09","1977","09","19.8","","6.8","","13.3","","28.3","","-2.2","","113.8","","0.0","","113.8","","0","",,"",,""
"1977-10","1977","10","15.4","","3.3","","9.4","","20.6","","-5.6","S","209.5","","0.0","","209.5","","0","",,"",,""
"1977-11","1977","11","10.7","","-1.0","","4.9","","22.8","","-7.8","","135.4","","0.0","","135.4","","0","",,"",,""
"1977-12","1977","12","3.4","","-5.5","","-1.1","","11.1","S","-16.1","S","157.0","","52.9","","209.9","","0","",,"",,""
"1978-01","1978","01","1.2","","-9.0","","-3.9","","12.2","","-19.4","","217.5","","16.7","","234.2","","0","",,"",,""
"1978-02","1978","02","-0.9","","-13.3","","-7.1","","4.4","","-30.0","","2.5","","16.5","","19.0","","0","",,"",,""
"1978-03","1978","03","4.1","","-7.4","","-1.7","","12.8","","-23.9","","50.9","","40.2","","91.1","","0","",,"",,""
"1978-04","1978","04","8.8","","-1.9","","3.5","","15.6","","-8.9","","101.9","","0.0","","101.9","","0","",,"",,""
"1978-05","1978","05","17.9","","3.7","","10.8","","30.6","","-6.1","","67.9","","0.0","","67.9","","0","",,"",,""
"1978-06","1978","06","21.1","","7.8","","14.5","","27.8","","1.1","","82.5","","0.0","","82.5","","0","",,"",,""
"1978-07","1978","07","24.9","","10.2","","17.6","","31.1","","1.7","","25.3","","0.0","","25.3","","0","",,"",,""
"1978-08","1978","08","26.2","","13.3","","19.8","","31.5","S","0.0","","37.1","","0.0","","37.1","","0","",,"",,""
"1978-09","1978","09","19.3","","3.9","","11.6","","26.5","","-6.0","","29.3","","0.0","","29.3","","0","",,"",,""
"1978-10","1978","10","14.8","","4.1","","9.5","","23.0","","-5.0","","95.2","","0.0","","95.2","","0","",,"",,""
"1978-11","1978","11","7.9","","-3.7","","2.1","","16.0","","-14.0","","35.4","","8.8","","44.2","","0","",,"",,""
"1978-12","1978","12","2.8","","-7.8","","-2.5","","13.5","","-21.5","","101.0","","40.8","","141.8","","0","",,"",,""
"1979-01","1979","01","3.0","","-7.3","","-2.2","","14.5","S","-20.5","","233.4","","47.0","E","280.4","E","0","",,"",,""
"1979-02","1979","02","-2.4","","-11.2","","-6.8","","8.0","","-25.0","S","125.8","","1.0","","126.8","","0","",,"",,""
"1979-03","1979","03","7.7","","-2.7","","2.5","","17.5","","-15.0","","181.8","","0.4","","182.2","","0","",,"",,""
"1979-04","1979","04","10.3","","-0.2","","5.1","","19.5","","-7.0","","207.6","","0.0","","207.6","","0","",,"",,""
"1979-05","1979","05","17.4","","5.8","","11.6","","25.0","","-2.0","S","75.2","","0.0","","75.2","","0","",,"",,""
"1979-06","1979","06","21.9","","7.7","","14.8","","32.0","S","-2.0","","72.8","","0.0","","72.8","","0","",,"",,""
"1979-07","1979","07","25.3","","13.8","","19.6","","32.0","S","4.0","","184.5","","0.0","","184.5","","0","",,"",,""
"1979-08","1979","08","23.7","","12.4","","18.1","","29.5","","1.5","","101.1","","0.0","","101.1","","0","",,"",,""
"1979-09","1979","09","21.0","","7.2","","14.1","","27.5","","-3.0","S","87.1","","0.0","","87.1","","0","",,"",,""
"1979-10","1979","10","14.3","","4.2","","9.3","","25.5","","-6.0","","131.5","","0.0","","131.5","","0","",,"",,""
"1979-11","1979","11","11.3","","1.6","","6.5","","18.0","S","-8.5","","206.4","","0.0","","206.4","","0","",,"",,""
"1979-12","1979","12","4.5","","-4.9","","-0.2","","16.0","","-17.0","","145.0","","6.5","","151.5","","0","",,"",,""
"1980-01","1980","01","0.5","","-8.3","","-3.9","","12.0","","-20.5","","80.6","","17.0","","97.6","","0","",,"",,""
"1980-02","1980","02","-0.1","","-11.1","","-5.6","","8.0","S","-19.5","","35.3","","34.0","E","69.3","E","","M",,"",,""
"1980-03","1980","03","4.7","","-6.0","","-0.7","","13.0","","-18.5","","186.2","","0.0","T","186.2","","0","",,"",,""
"1980-04","1980","04","11.1","","0.7","","5.9","","17.5","","-9.0","","220.3","","0.0","","220.3","","0","",,"",,""
"1980-05","1980","05","16.5","","2.4","","9.5","","24.5","","-3.5","","56.2","","0.0","","56.2","","0","",,"",,""
"1980-06","1980","06","21.0","","6.6","","13.8","","32.0","","-1.0","S","184.0","","0.0","","184.0","","0","",,"",,""
"1980-07","1980","07","23.8","","11.8","","17.8","","30.5","","2.5","","57.8","","0.0","","57.8","","0","",,"",,""
"1980-08","1980","08","25.5","","10.9","","18.2","","32.0","","3.0","","53.0","","0.0","","53.0","","0","",,"",,""
"1980-09","1980","09","20.1","","6.0","","13.1","","28.0","","-4.5","","100.2","","0.0","","100.2","","0","",,"",,""
"1980-10","1980","10","13.8","","3.2","","8.5","","22.5","","-7.0","","114.1","","0.0","","114.1","","0","",,"",,""
"1980-11","1980","11","7.7","","-1.3","","3.2","","16.5","","-9.0","S","203.7","","0.0","T","203.7","","0","",,"",,""
"1980-12","1980","12","1.4","","-11.8","","-5.2","","11.0","","-30.0","","103.5","","32.8","","136.3","","0","",,"",,""
"1981-01","1981","01","-2.3","","-14.1","","-8.2","","7.5","","-31.0","","68.8","","84.6","","153.4","","16","",,"",,""
"1981-02","1981","02","5.1","","-6.2","","-0.6","","14.0","","-25.5","","79.0","E","7.6","","86.6","E","0","",,"",,""
"1981-03","1981","03","5.9","","-2.8","","1.6","","14.5","","-11.0","","94.5","","22.5","","117.0","","","M",,"",,""
"1981-04","1981","04","12.1","","0.4","","6.3","","22.0","","-7.0","S","55.5","","0.0","T","55.5","","0","",,"",,""
"1981-05","1981","05","16.9","","5.5","","11.2","","30.0","","-8.0","","164.0","","0.0","","164.0","","0","",,"",,""
"1981-06","1981","06","22.4","","8.9","","15.7","","30.0","","0.5","","112.2","","0.0","","112.2","","0","",,"",,""
"1981-07","1981","07","24.3","","12.0","E","18.2","E","30.0","","4.0","","103.5","","0.0","","103.5","","0","",,"",,""
"1981-08","1981","08","23.9","","10.5","E","17.2","E","30.5","","1.0","","87.4","","0.0","","87.4","","0","",,"",,""
"1981-09","1981","09","19.0","","9.0","","14.0","","24.0","","-1.0","","167.7","","0.0","","167.7","","0","",,"",,""
"1981-10","1981","10","14.0","","2.4","","8.2","","19.5","S","-7.0","","124.6","","0.0","","124.6","","0","",,"",,""
"1981-11","1981","11","8.9","E","0.1","","4.5","E","16.0","","-11.0","","167.9","","0.0","","167.9","","0","",,"",,""
"1981-12","1981","12","5.3","","-1.3","","2.0","","14.0","S","-10.0","S","234.6","","23.9","","258.5","","","M",,"",,""
"1982-01","1982","01","-1.1","","-12.5","","-6.8","","9.0","","-25.5","","128.0","","6.0","","134.0","","","M",,"",,""
"1982-02","1982","02","0.6","","-9.6","","-4.5","","10.5","","-24.0","","55.3","","0.0","","55.3","","","M",,"",,""
"1982-03","1982","03","5.7","","-6.4","","-0.4","","13.5","","-22.0","","95.9","E","32.0","","127.9","E","","M",,"",,""
"1982-04","1982","04","10.9","","-1.7","","4.6","","22.0","","-8.0","","126.8","E","15.8","","142.6","E","","M",,"",,""
"1982-05","1982","05","15.9","E","3.4","","9.7","E","28.0","","-4.0","","47.0","","0.0","","47.0","","0","",,"",,""
"1982-06","1982","06","19.5","E","8.2","","13.9","E","25.5","","0.0","","160.9","","0.0","","160.9","","0","",,"",,""
"1982-07","1982","07","25.5","","11.2","E","18.4","E","32.0","","2.5","","93.2","","0.0","T","93.2","","0","",,"",,""
"1982-08","1982","08","22.3","","10.3","","16.3","","29.0","","1.0","","83.4","","0.0","","83.4","","0","",,"",,""
"1982-09","1982","09","20.8","","8.3","","14.6","","27.0","","-1.5","","103.7","","0.0","","103.7","","0","",,"",,""
"1982-10","1982","10","14.9","","0.9","E","7.9","E","22.0","","-8.0","","36.1","","0.0","","36.1","","0","",,"",,""
"1982-11","1982","11","10.7","","0.4","","5.6","","20.5","","-11.5","","95.9","E","0.0","T","95.9","E","0","",,"",,""
"1982-12","1982","12","5.6","E","-4.9","E","0.4","E","16.5","","-29.0","","80.7","","22.0","E","102.7","E","0","",,"",,""
"1983-01","1983","01","2.2","E","-6.9","","-2.4","E","14.0","","-19.0","","113.0","","2.0","E","115.0","E","0","",,"",,""
"1983-02","1983","02","1.8","","-7.9","","-3.1","","12.0","S","-23.0","S","75.2","E","","M","","M","","M",,"",,""
"1983-03","1983","03","5.4","","-2.5","","1.5","","13.5","","-12.5","","212.9","","3.0","","215.9","","0","",,"",,""
"1983-04","1983","04","11.4","","1.5","","6.5","","22.5","","-7.0","","161.8","","2.8","","164.6","","0","",,"",,""
"1983-05","1983","05","15.8","","5.3","","10.6","","23.0","S","-3.0","S","142.6","","0.0","","142.6","","0","",,"",,""
"1983-06","1983","06","23.0","","8.4","E","15.7","E","34.5","","2.5","","","M","0.0","","","M","","M",,"",,""
"1983-07","1983","07","25.2","","12.0","","18.6","","30.5","","2.5","","67.2","","0.0","","67.2","","0","",,"",,""
"1983-08","1983","08","24.4","","12.1","","18.3","","30.5","","3.0","","150.9","","0.0","","150.9","","0","",,"",,""
"1983-09","1983","09","23.2","","7.6","","15.4","","30.5","","-1.5","","55.1","","0.0","","55.1","","0","",,"",,""
"1983-10","1983","10","15.5","","3.2","","9.4","","26.5","","-6.0","S","90.6","","0.0","","90.6","","0","",,"",,""
"1983-11","1983","11","10.1","","-0.2","","5.0","","17.0","","-9.0","","245.8","","0.0","","245.8","","0","",,"",,""
"1983-12","1983","12","3.2","E","-6.4","E","-1.6","E","14.5","","-24.0","","133.8","","43.2","","177.0","","","M",,"",,""
"1984-01","1984","01","0.2","E","-9.2","","-4.5","E","9.0","S","-26.5","","125.2","E","","M","","M","","M",,"",,""
"1984-02","1984","02","4.6","","-4.0","","0.3","","13.5","","-25.5","","179.2","","20.0","","199.2","","0","",,"",,""
"1984-03","1984","03","3.3","","-4.9","","-0.8","","14.0","","-26.0","","149.0","E","8.0","","157.0","E","0","",,"",,""
"1984-04","1984","04","11.0","","-0.3","","5.4","","19.5","","-8.5","","198.9","","11.0","","209.9","","0","",,"",,""
"1984-05","1984","05","16.7","","3.9","","10.3","","24.0","S","-3.0","","183.3","","0.0","","183.3","","0","",,"",,""
"1984-06","1984","06","22.0","","8.5","","15.3","","33.5","","-0.5","","89.1","","0.0","","89.1","","0","",,"",,""
"1984-07","1984","07","27.0","","13.1","","20.1","","31.5","","6.5","","41.4","","0.0","","41.4","","0","",,"",,""
"1984-08","1984","08","26.2","","13.6","","19.9","","34.0","S","3.5","S","102.2","","0.0","","102.2","","0","",,"",,""
"1984-09","1984","09","19.6","","7.2","E","13.4","E","26.5","S","-3.5","","50.3","","0.0","","50.3","","0","",,"",,""
"1984-10","1984","10","14.9","","2.4","","8.7","","21.0","","-5.5","S","77.2","","0.0","","77.2","","0","",,"",,""
"1984-11","1984","11","9.8","","-1.3","","4.3","","21.5","","-10.0","","32.5","E","0.0","","32.5","E","0","",,"",,""
"1984-12","1984","12","5.4","E","-4.2","E","0.6","E","16.0","","-17.5","","176.8","","10.6","","187.4","","","M",,"",,""
"1985-01","1985","01","-2.4","","-13.0","","-7.7","","5.0","","-26.5","","3.0","","129.4","","132.4","","","M",,"",,""
"1985-02","1985","02","1.5","","-10.3","","-4.4","","11.0","","-31.0","","90.1","","15.5","E","105.6","E","","M",,"",,""
"1985-03","1985","03","5.2","","-6.6","E","-0.7","E","15.5","","-26.5","","78.0","","11.6","E","89.6","E","","M",,"",,""
"1985-04","1985","04","10.4","","-2.0","","4.2","","20.0","S","-11.0","","81.9","","11.8","E","93.7","E","0","",,"",,""
"1985-05","1985","05","16.7","","2.6","","9.7","","26.0","","-5.0","","134.4","","0.0","","134.4","","0","",,"",,""
"1985-06","1985","06","20.3","","8.2","","14.3","","25.5","S","1.0","","257.2","","0.0","","257.2","","0","",,"",,""
"1985-07","1985","07","25.9","","12.3","","19.1","","30.5","","5.0","","83.9","","0.0","","83.9","","0","",,"",,""
"1985-08","1985","08","23.7","","10.6","","17.2","","34.0","","2.5","","","M","0.0","","","M","0","",,"",,""
"1985-09","1985","09","20.9","","7.7","","14.3","","29.0","","-1.0","S","33.6","","0.0","","33.6","","0","",,"",,""
"1985-10","1985","10","14.2","","2.9","","8.6","","23.0","","-7.0","","53.4","","0.0","","53.4","","0","",,"",,""
"1985-11","1985","11","7.8","","-0.4","","3.7","","15.0","S","-10.5","","202.3","","0.0","T","202.3","","0","",,"",,""
"1985-12","1985","12","1.3","","-10.9","","-4.8","","13.0","","-20.5","","63.7","","","M","","M","","M",,"",,""
"1986-01","1986","01","2.4","","-7.8","","-2.7","","11.0","S","-21.5","","92.7","","50.7","E","143.4","E","","M",,"",,""
"1986-02","1986","02","-0.1","","-11.5","","-5.8","","5.0","","-22.5","","51.4","","53.0","","104.4","","","M",,"",,""
"1986-03","1986","03","6.2","","-6.7","","-0.3","","21.5","","-22.0","","102.3","","24.4","","126.7","","","M",,"",,""
"1986-04","1986","04","11.7","","1.6","","6.7","","21.5","","-10.0","","123.2","","2.4","","125.6","","0","",,"",,""
"1986-05","1986","05","15.5","","3.2","","9.4","","27.5","","-6.5","","73.6","","0.0","","73.6","","0","",,"",,""
"1986-06","1986","06","20.1","","7.4","","13.8","","28.0","","0.0","S","126.2","","0.0","","126.2","","0","",,"",,""
"1986-07","1986","07","22.9","","10.5","","16.7","","31.5","","4.0","S","166.6","","0.0","","166.6","","0","",,"",,""
"1986-08","1986","08","22.6","","12.0","","17.3","","29.0","","","M","155.4","","0.0","","155.4","","0","",,"",,""
"1986-09","1986","09","19.1","","5.9","E","12.5","E","26.5","","-2.0","","122.9","E","0.0","","122.9","E","0","",,"",,""
"1986-10","1986","10","14.1","","3.0","E","8.6","E","22.0","","","M","71.0","","0.0","","71.0","","0","",,"",,""
"1986-11","1986","11","8.3","","-2.8","","2.8","","17.5","","-14.0","","128.4","","24.8","","153.2","","0","",,"",,""
"1986-12","1986","12","4.2","E","-5.4","E","-0.6","E","13.5","","-15.5","","123.5","","22.0","","145.5","","5","",,"",,""
"1987-01","1987","01","0.8","","-11.3","","-5.3","","9.0","","-29.0","","137.3","","72.1","","209.4","","25","",,"",,""
"1987-02","1987","02","-0.9","","-13.1","","-7.0","","6.5","","-24.0","","0.0","","24.0","","24.0","","18","",,"",,""
"1987-03","1987","03","3.9","","-7.0","","-1.6","","14.0","","-27.0","","37.6","","42.9","","80.5","","0","",,"",,""
"1987-04","1987","04","11.9","","0.6","","6.3","","24.0","","-6.5","","93.7","","0.0","T","93.7","","0","",,"",,""
"1987-05","1987","05","17.6","","2.7","","10.2","","30.0","","-3.0","S","54.5","","0.0","","54.5","","0","",,"",,""
"1987-06","1987","06","21.5","","7.3","","14.4","","28.0","","0.0","S","114.6","","0.0","","114.6","","0","",,"",,""
"1987-07","1987","07","24.9","","11.0","E","18.0","E","30.5","","2.0","","30.7","","0.0","","30.7","","0","",,"",,""
"1987-08","1987","08","24.9","","8.1","","16.5","","34.0","","-1.0","S","40.1","","0.0","","40.1","","0","",,"",,""
"1987-09","1987","09","20.0","","7.7","","13.9","","27.0","","-2.5","","148.1","","0.0","","148.1","","0","",,"",,""
"1987-10","1987","10","15.1","","2.5","","8.8","","20.0","","-5.0","S","173.9","","0.0","","173.9","","0","",,"",,""
"1987-11","1987","11","7.8","","-2.8","","2.5","","21.0","","-12.0","","141.7","","33.4","","175.1","","17","",,"",,""
"1987-12","1987","12","2.2","","-4.9","","-1.4","","12.5","","-17.0","","93.8","","49.0","","142.8","","23","",,"",,""
"1988-01","1988","01","0.7","","-11.5","","-5.4","","11.5","","-28.5","","64.0","","49.0","","113.0","","0","",,"",,""
"1988-02","1988","02","3.6","","-9.0","","-2.7","","13.5","","-21.0","","180.4","","12.2","","192.6","","0","",,"",,""
"1988-03","1988","03","5.6","","-5.2","","0.2","","17.5","","-17.5","","26.5","","25.0","","51.5","","0","",,"",,""
"1988-04","1988","04","9.5","","0.1","","4.8","","17.5","","-8.5","","200.6","","0.0","","200.6","","0","",,"",,""
"1988-05","1988","05","17.8","","4.6","","11.2","","28.0","","-4.0","","50.9","","0.0","","50.9","","0","",,"",,""
"1988-06","1988","06","21.4","","7.3","","14.4","","35.0","","-1.5","","90.1","","0.0","","90.1","","0","",,"",,""
"1988-07","1988","07","25.8","","12.7","","19.3","","33.0","","4.5","","181.6","","0.0","","181.6","","0","",,"",,""
"1988-08","1988","08","26.2","","13.4","","19.8","","32.5","S","0.0","S","18.7","","0.0","","18.7","","0","",,"",,""
"1988-09","1988","09","19.4","","4.8","","12.1","","25.5","","-2.5","","64.6","","0.0","","64.6","","0","",,"",,""
"1988-10","1988","10","13.4","","2.4","","7.9","","26.0","","-4.5","S","202.9","","0.0","T","202.9","","0","",,"",,""
"1988-11","1988","11","11.3","","-0.4","","5.5","","21.5","S","-9.0","S","239.7","","0.0","T","239.7","","0","",,"",,""
"1988-12","1988","12","2.4","","-9.3","","-3.5","","13.0","","-22.5","","41.4","","29.2","","70.6","","0","",,"",,""
"1989-01","1989","01","2.3","","-8.3","","-3.0","","10.0","","-22.0","","72.8","","23.0","","95.8","","0","",,"",,""
"1989-02","1989","02","0.6","","-11.1","","-5.3","","13.0","","-24.5","","73.6","","52.0","","125.6","","16","",,"",,""
"1989-03","1989","03","4.4","","-7.7","","-1.7","","23.0","","-24.0","","104.3","","20.0","","124.3","","3","",,"",,""
"1989-04","1989","04","10.2","","-1.2","","4.5","","17.0","S","-8.0","","100.2","","2.0","","102.2","","0","",,"",,""
"1989-05","1989","05","19.0","","6.5","","12.8","","28.0","","1.0","","86.7","","0.0","","86.7","","0","",,"",,""
"1989-06","1989","06","20.9","","9.5","","15.2","","29.5","","1.0","","116.0","","0.0","","116.0","","0","",,"",,""
"1989-07","1989","07","24.3","","10.0","","17.2","","31.0","","1.0","","77.8","","0.0","","77.8","","0","",,"",,""
"1989-08","1989","08","25.1","","10.5","E","17.8","E","30.5","","0.5","","33.7","","0.0","","33.7","","0","",,"",,""
"1989-09","1989","09","22.0","","6.5","","14.3","","31.0","","-5.5","","72.7","","0.0","","72.7","","0","",,"",,""
"1989-10","1989","10","15.2","","0.0","","7.6","","23.0","","-5.0","S","124.4","","0.0","","124.4","","0","",,"",,""
"1989-11","1989","11","8.5","","-1.1","","3.7","","19.0","","-18.0","","176.2","","29.0","","205.2","","0","T",,"",,""
"1989-12","1989","12","-2.3","","-14.3","","-8.3","","10.0","","-29.0","","61.9","","27.2","","89.1","","10","",,"",,""
"1990-01","1990","01","4.0","","-5.4","","-0.7","","15.0","","-17.0","","92.4","","29.4","","121.8","","13","",,"",,""
"1990-02","1990","02","2.1","","-11.0","","-4.5","","14.0","","-30.0","","96.6","","40.8","","137.4","","8","",,"",,""
"1990-03","1990","03","5.8","","-6.4","","-0.3","","17.5","","-21.0","","82.0","","26.0","","108.0","","10","",,"",,""
"1990-04","1990","04","10.9","","0.4","","5.7","","26.0","","-7.0","","168.2","","6.0","","174.2","","0","",,"",,""
"1990-05","1990","05","14.7","","3.3","","9.0","","25.5","","-3.5","","206.4","","0.0","","206.4","","0","",,"",,""
"1990-06","1990","06","22.4","","9.9","","16.2","","28.5","","0.5","","128.1","","0.0","","128.1","","0","",,"",,""
"1990-07","1990","07","26.0","","12.3","","19.2","","32.0","","3.5","","73.2","","0.0","","73.2","","0","",,"",,""
"1990-08","1990","08","26.2","","12.6","","19.4","","30.0","","1.0","S","35.2","","0.0","","35.2","","0","",,"",,""
"1990-09","1990","09","20.8","","6.4","","13.6","","30.0","","-2.5","","98.6","","0.0","","98.6","","0","",,"",,""
"1990-10","1990","10","16.3","","6.0","","11.2","","27.5","","-6.0","","132.8","","0.0","","132.8","","0","",,"",,""
"1990-11","1990","11","10.0","","0.1","","5.1","","21.0","","-7.0","","169.2","","2.0","","171.2","","0","",,"",,""
"1990-12","1990","12","6.8","","-3.6","","1.6","","15.5","","-14.5","","213.8","","1.6","","215.4","","0","",,"",,""
"1991-01","1991","01","0.7","","-11.9","","-5.6","","9.0","S","-24.0","","83.0","","32.2","","115.2","","0","T",,"",,""
"1991-02","1991","02","3.3","","-8.2","","-2.5","","12.0","","-20.0","","42.6","","14.6","","57.2","","0","T",,"",,""
"1991-03","1991","03","6.1","","-3.8","","1.2","","14.0","S","-11.0","","142.0","","33.4","","175.4","","0","T",,"",,""
"1991-04","1991","04","12.0","","-1.7","","5.1","","25.5","","-9.0","S","146.1","","17.0","","163.1","","0","",,"",,""
"1991-05","1991","05","19.0","","3.7","","11.4","","30.0","","-5.0","","116.6","","0.0","","116.6","","0","",,"",,""
"1991-06","1991","06","22.6","","7.4","","15.0","","31.0","S","-0.5","S","33.2","","0.0","","33.2","","0","",,"",,""
"1991-07","1991","07","26.1","","10.7","","18.5","","35.0","","1.5","","70.0","","0.0","","70.0","","0","",,"",,""
"1991-08","1991","08","25.7","","12.7","","19.2","","31.5","S","0.0","","134.6","","0.0","","134.6","","0","",,"",,""
"1991-09","1991","09","20.1","","7.9","","14.0","","28.0","","-2.0","S","114.7","","0.0","","114.7","","0","",,"",,""
"1991-10","1991","10","15.4","","4.4","","9.9","","22.5","","-4.0","","178.4","","0.0","","178.4","","0","",,"",,""
"1991-11","1991","11","9.9","","1.9","","5.9","","19.5","","-8.5","","275.8","","0.0","T","275.8","","0","",,"",,""
"1991-12","1991","12","2.9","","-8.0","","-2.5","","15.0","","-19.0","","66.4","","45.0","","111.4","","9","",,"",,""
"1992-01","1992","01","-0.3","","-10.7","","-5.5","","10.5","S","-22.5","","149.8","","8.0","","157.8","","0","T",,"",,""
"1992-02","1992","02","0.6","","-10.6","","-5.1","","7.0","","-30.0","","91.9","","90.0","","181.9","","7","",,"",,""
"1992-03","1992","03","2.7","","-8.5","","-2.9","","9.5","","-17.5","","98.6","","22.0","","120.6","","0","",,"",,""
"1992-04","1992","04","8.6","","-2.3","","3.2","","22.0","","-11.0","","45.3","","26.0","","71.3","","0","",,"",,""
"1992-05","1992","05","17.3","","2.2","","9.8","","35.5","","-6.0","","43.1","","0.0","T","43.1","","0","",,"",,""
"1992-06","1992","06","23.3","","7.7","","15.5","","29.5","","2.0","","81.0","","0.0","","81.0","","0","",,"",,""
"1992-07","1992","07","22.6","","9.0","","15.8","","28.0","S","2.0","","109.2","","0.0","","109.2","","0","",,"",,""
"1992-08","1992","08","24.4","","11.2","","17.8","","31.0","","3.0","","50.8","","0.0","","50.8","","0","",,"",,""
"1992-09","1992","09","21.2","","7.3","","14.3","","26.5","","-3.0","","120.7","","0.0","","120.7","","0","",,"",,""
"1992-10","1992","10","14.0","","2.0","","8.0","","22.0","","-5.5","S","67.4","","0.0","T","67.4","","0","",,"",,""
"1992-11","1992","11","7.3","","-2.2","","2.6","","16.0","","-13.0","","107.2","","0.0","T","107.2","","0","",,"",,""
"1992-12","1992","12","3.0","","-5.4","","-1.2","","12.0","","-17.5","","86.8","","11.5","","98.3","","0","T",,"",,""
"1993-01","1993","01","0.0","","-12.2","","-6.1","","15.0","","-35.0","","55.9","","67.0","","122.9","","35","",,"",,""
"1993-02","1993","02","-1.5","","-15.4","","-8.5","","10.0","","-33.0","","98.7","","60.0","","158.7","","19","",,"",,""
"1993-03","1993","03","5.3","","-9.0","","-1.9","","20.5","","-27.0","","100.6","E","58.0","","158.6","E","0","T",,"",,""
"1993-04","1993","04","10.5","","-0.3","","5.1","","20.0","","-8.5","","92.9","","17.0","","109.9","","0","",,"",,""
"1993-05","1993","05","17.4","","5.0","","11.2","","24.5","","-3.5","","97.8","","0.0","","97.8","","0","",,"",,""
"1993-06","1993","06","21.1","","7.3","","14.3","","30.5","","-0.5","","126.9","","0.0","","126.9","","0","",,"",,""
"1993-07","1993","07","24.2","","11.6","","17.9","","33.5","","3.5","","100.2","","0.0","","100.2","","0","",,"",,""
"1993-08","1993","08","24.9","","11.1","","18.0","","34.0","S","0.5","","40.0","","0.0","","40.0","","0","",,"",,""
"1993-09","1993","09","21.1","","9.3","","15.2","","27.0","S","-3.0","","102.6","","0.0","","102.6","","0","",,"",,""
"1993-10","1993","10","13.6","","0.8","","7.2","","22.0","","-7.0","","183.7","","0.0","","183.7","","0","",,"",,""
"1993-11","1993","11","9.7","","-1.8","","4.0","","16.5","","-11.5","","134.1","","2.0","","136.1","","0","",,"",,""
"1993-12","1993","12","","M","","M","","M","","M","","M","","M","","M","","M","","M",,"",,""
