"Station Name","PASQUIA PROJECT"
"Province","MANITOBA"
"Latitude","53.72"
"Longitude","-101.53"
"Elevation","262.10"
"Climate Identifier","5052060"
"WMO Identifier",""
"TC Identifier",""

"Legend"
"B","More than one occurrence and estimated"
"E","Estimated"
"M","Missing"
"S","More than one occurrence"
"T","Trace"
"[empty]","No data available"
"^","The value displayed is based on incomplete data"

"Date/Time","Year","Month","Mean Max Temp (°C)","Mean Max Temp Flag","Mean Min Temp (°C)","Mean Min Temp Flag","Mean Temp (°C)","Mean Temp Flag","Extr Max Temp (°C)","Extr Max Temp Flag","Extr Min Temp (°C)","Extr Min Temp Flag","Total Rain (mm)","Total Rain Flag","Total Snow (cm)","Total Snow Flag","Total Precip (mm)","Total Precip Flag","Snow Grnd Last Day (cm)","Snow Grnd Last Day Flag","Dir of Max Gust (10's deg)","Dir of Max Gust Flag","Spd of Max Gust (km/h)","Spd of Max Gust Flag"
"1956-01","1956","01","","M","","M","","M","","M","","M","","M","","M","","M","","M",,"",,""
"1956-02","1956","02","","M","","M","","M","","M","","M","","M","","M","","M","","M",,"",,""
"1956-03","1956","03","","M","","M","","M","","M","","M","","M","","M","","M","","M",,"",,""
"1956-04","1956","04","","M","","M","","M","","M","","M","","M","","M","","M","","M",,"",,""
"1956-05","1956","05","","M","","M","","M","","M","","M","","M","","M","","M","0","",,"",,""
"1956-06","1956","06","23.1","","11.6","","17.4","","36.1","","5.6","S","0.0","","0.0","","0.0","","0","",,"",,""
"1956-07","1956","07","22.9","","12.5","","17.7","","28.9","","7.2","","","M","","M","","M","0","",,"",,""
"1956-08","1956","08","21.6","","10.4","","16.0","","27.8","","2.2","","0.0","","0.0","","0.0","","","M",,"",,""
"1956-09","1956","09","13.3","","2.4","","7.9","","23.3","","-6.1","","","M","","M","","M","","M",,"",,""
"1956-10","1956","10","9.8","","-1.5","","4.2","","21.1","","-11.1","","0.0","","0.0","","0.0","","","M",,"",,""
"1956-11","1956","11","-1.7","","-12.3","","-7.0","","7.2","","-24.4","S","","M","","M","","M","","M",,"",,""
"1956-12","1956","12","-12.6","","-21.8","","-17.2","","5.0","","-37.8","","","M","","M","","M","","M",,"",,""
"1957-01","1957","01","-17.9","","-29.5","","-23.7","","-4.4","S","-39.4","","","","","","","","","M",,"",,""
"1957-02","1957","02","-13.3","","-25.2","","-19.3","","-0.6","","-33.9","S","","","","","","","","M",,"",,""
"1957-03","1957","03","-4.2","","-17.9","","-11.1","","5.0","","-26.7","","","","","","","","","M",,"",,""
"1957-04","1957","04","4.5","","-8.3","","-1.9","","26.1","","-25.6","","","","","","","","","M",,"",,""
"1957-05","1957","05","15.3","","3.1","","9.2","","28.3","","-3.3","","","","","","","","0","",,"",,""
"1957-06","1957","06","20.7","","6.4","","13.6","","30.0","","-1.7","","","","","","","","0","",,"",,""
"1957-07","1957","07","25.8","","12.2","","19.0","","36.1","","4.4","","","","","","","","0","",,"",,""
"1957-08","1957","08","21.0","","8.9","","15.0","","27.2","","1.7","S","","","","","","","0","",,"",,""
"1957-09","1957","09","15.9","","4.8","","10.4","","25.6","","-5.0","","","","","","","","0","",,"",,""
"1957-10","1957","10","10.3","","-2.2","","4.1","","26.1","","-15.6","","","","","","","","","M",,"",,""
"1957-11","1957","11","","M","","M","","M","","M","","M","","","","","","","","M",,"",,""
"1957-12","1957","12","-11.9","","-24.6","","-18.3","","0.6","","-42.8","","","","","","","","","M",,"",,""
"1958-01","1958","01","-11.8","","-23.2","","-17.5","","2.8","","-35.6","","","","","","","","","",,"",,""
"1958-02","1958","02","-13.9","","-25.7","","-19.8","","4.4","","-44.4","","","","","","","","","",,"",,""
"1958-03","1958","03","-1.8","","-14.8","","-8.3","","10.6","","-31.7","","","","","","","","","",,"",,""
"1958-04","1958","04","8.1","","-2.4","","2.9","","22.2","","-13.3","","","","","","","","","",,"",,""
"1958-05","1958","05","17.3","","3.0","","10.2","","30.0","","-10.0","","","","","","","","","",,"",,""
"1958-06","1958","06","19.0","","4.1","","11.6","","26.7","S","-3.3","","","","","","","","","",,"",,""
"1958-07","1958","07","22.9","","9.9","","16.4","","32.8","","4.4","S","","","","","","","","",,"",,""
"1958-08","1958","08","21.9","","8.8","","15.4","","28.9","","1.7","","","","","","","","","",,"",,""
"1958-09","1958","09","14.9","","3.9","","9.4","","21.7","S","-5.0","","","","","","","","","",,"",,""
"1958-10","1958","10","9.2","","-1.4","","3.9","","14.4","","-7.8","","","","","","","","","",,"",,""
"1958-11","1958","11","-3.7","","-11.5","","-7.6","","13.3","","-35.0","","","","","","","","","",,"",,""
"1958-12","1958","12","-14.9","","-24.9","","-19.9","","1.7","","-36.1","","","","","","","","","",,"",,""
"1959-01","1959","01","-20.9","","-31.1","","-26.0","","-9.4","","-45.0","","0.0","","","M","","M","","",,"",,""
"1959-02","1959","02","-10.9","","-27.9","","-19.4","","2.8","S","-38.3","","","M","","M","","M","","",,"",,""
"1959-03","1959","03","-2.1","","-14.7","","-8.4","","6.1","","-28.9","","","M","","M","","M","","",,"",,""
"1959-04","1959","04","5.5","","-5.3","","0.1","","18.9","","-13.3","","","M","","M","","M","","",,"",,""
"1959-05","1959","05","13.3","","0.9","","7.1","","23.3","","-5.0","","","M","","M","","M","","",,"",,""
"1959-06","1959","06","20.7","","7.4","","14.1","","28.3","","1.1","S","","M","0.0","","","M","","",,"",,""
"1959-07","1959","07","25.3","","10.9","","18.1","","31.7","","5.0","","","M","","M","","M","","",,"",,""
"1959-08","1959","08","20.8","","8.8","","14.8","","28.9","S","0.6","","","M","","M","","M","","",,"",,""
"1959-09","1959","09","14.5","","3.5","","9.0","","24.4","","-4.4","S","","M","","M","","M","","",,"",,""
"1959-10","1959","10","2.4","","-3.9","","-0.8","","15.6","","-9.4","","","M","","M","","M","","",,"",,""
"1959-11","1959","11","-7.6","","-17.1","","-12.4","","0.6","","-33.3","","0.0","","29.5","","29.5","","","",,"",,""
"1959-12","1959","12","-5.7","","-14.8","","-10.3","","5.0","","-26.1","","0.0","","14.0","","14.0","","","",,"",,""
"1960-01","1960","01","-18.0","","-28.4","","-23.2","","-6.7","","-37.8","","0.0","","","M","","M","","M",,"",,""
"1960-02","1960","02","-11.4","","-25.3","","-18.4","","0.0","","-35.0","","0.0","","7.6","","7.6","","","M",,"",,""
"1960-03","1960","03","-7.9","","-22.9","","-15.4","","3.9","","-33.9","","0.0","","","M","","M","91","",,"",,""
"1960-04","1960","04","3.6","","-6.9","","-1.7","","12.2","","-21.7","","","M","","M","","M","","M",,"",,""
"1960-05","1960","05","16.5","","3.8","","10.2","","32.8","","-6.7","","","M","","M","","M","","M",,"",,""
"1960-06","1960","06","20.2","","8.3","","14.3","","29.4","","1.7","","","M","0.0","","","M","","M",,"",,""
"1960-07","1960","07","25.2","","10.8","","18.0","","33.9","","5.0","","","M","0.0","","","M","","M",,"",,""
"1960-08","1960","08","23.5","","9.3","","16.4","","28.9","","2.2","","","M","0.0","","","M","","M",,"",,""
"1960-09","1960","09","17.3","","3.7","","10.5","","28.9","","-4.4","","","M","0.0","","","M","","M",,"",,""
"1960-10","1960","10","8.4","","-3.3","","2.6","","22.8","S","-18.3","","12.7","","10.2","","22.9","","","M",,"",,""
"1960-11","1960","11","-5.6","","-15.0","","-10.3","","5.6","","-32.2","S","0.0","","18.0","","18.0","","","M",,"",,""
"1960-12","1960","12","-12.2","","-23.2","","-17.7","","-2.8","","-36.7","","0.0","","17.8","","17.8","","","M",,"",,""
"1961-01","1961","01","-14.3","","-26.7","","-20.5","","1.1","S","-41.7","","","M","","M","","M","","",,"",,""
"1961-02","1961","02","-9.7","","-22.6","","-16.2","","5.6","","-36.1","","0.0","","29.2","","29.2","","","",,"",,""
"1961-03","1961","03","-3.2","","-16.7","","-10.0","","6.7","S","-27.8","","","M","","M","","M","","",,"",,""
"1961-04","1961","04","2.7","","-9.2","","-3.3","","14.4","S","-26.1","","","M","","M","","M","","",,"",,""
"1961-05","1961","05","17.1","","1.6","","9.4","","31.7","S","-6.1","","32.3","","0.0","T","32.3","","","",,"",,""
"1961-06","1961","06","24.3","","7.9","","16.1","","34.4","","0.0","","14.7","","0.0","","14.7","","","",,"",,""
"1961-07","1961","07","23.8","","10.3","","17.1","","33.9","","5.0","","22.4","","0.0","","22.4","","","",,"",,""
"1961-08","1961","08","25.4","","9.7","","17.6","","32.8","","3.3","","9.4","","0.0","","9.4","","","",,"",,""
"1961-09","1961","09","13.3","","0.5","","6.9","","26.1","","-11.7","","28.4","","8.9","","37.3","","","",,"",,""
"1961-10","1961","10","7.1","","-3.2","","2.0","","23.9","","-15.6","","16.5","","20.3","","36.8","","","",,"",,""
"1961-11","1961","11","-3.4","","-13.1","","-8.3","","5.6","","-33.9","","","M","","M","","M","","",,"",,""
"1961-12","1961","12","-18.1","","-29.4","","-23.8","","-7.8","","-40.0","","","M","","M","","M","","",,"",,""
"1962-01","1962","01","-17.8","","-30.3","","-24.1","","1.7","","-39.4","","","M","","M","","M","","M",,"",,""
"1962-02","1962","02","-17.1","","-30.7","","-23.9","","-2.2","","-40.0","","0.0","","","M","","M","","M",,"",,""
"1962-03","1962","03","-5.8","","-19.2","","-12.5","","2.2","S","-39.4","","0.0","","","M","","M","","M",,"",,""
"1962-04","1962","04","3.1","","-9.4","","-3.2","","13.9","","-25.0","","19.1","","16.5","","35.6","","","M",,"",,""
"1962-05","1962","05","16.1","","2.4","","9.3","","26.7","","-5.6","S","","M","2.5","","","M","0","",,"",,""
"1962-06","1962","06","23.7","","9.4","","16.6","","32.2","","0.0","","57.2","","0.0","","57.2","","0","",,"",,""
"1962-07","1962","07","23.8","","8.7","","16.3","","28.9","","2.2","","38.4","","0.0","","38.4","","0","",,"",,""
"1962-08","1962","08","21.8","","9.1","","15.5","","28.3","S","1.1","","129.8","","0.0","","129.8","","0","",,"",,""
"1962-09","1962","09","16.0","","2.7","","9.4","","21.7","S","-3.9","S","","M","0.0","","","M","0","",,"",,""
"1962-10","1962","10","11.6","","-0.3","","5.7","","24.4","","-7.2","","22.9","","0.0","T","22.9","","0","",,"",,""
"1962-11","1962","11","-0.7","","","M","","M","11.1","","-27.2","","0.0","","","M","","M","","M",,"",,""
"1962-12","1962","12","-11.9","","-22.1","","-17.0","","2.2","","-35.0","","","M","","M","","M","","M",,"",,""
"1963-01","1963","01","-20.2","","-31.4","","-25.8","","2.8","S","-41.1","","0.0","","","M","","M","","M",,"",,""
"1963-02","1963","02","-14.4","","-29.6","","-22.0","","-5.0","","-37.8","","0.0","","","M","","M","","M",,"",,""
"1963-03","1963","03","-5.8","","-21.1","","-13.5","","6.1","","-35.0","","","M","","M","","M","","M",,"",,""
"1963-04","1963","04","8.3","","-4.6","","1.9","","21.7","","-22.2","","8.9","","0.0","","8.9","","","M",,"",,""
"1963-05","1963","05","15.1","","0.3","","7.7","","28.9","","-11.1","","22.6","","2.5","","25.1","","","M",,"",,""
"1963-06","1963","06","20.5","","9.5","","15.0","","27.8","","2.8","","87.9","","0.0","","87.9","","0","",,"",,""
"1963-07","1963","07","24.9","","12.6","","18.8","","32.8","","3.3","","72.4","","0.0","","72.4","","0","",,"",,""
"1963-08","1963","08","24.1","","10.6","","17.4","","31.1","","6.1","S","103.9","","0.0","","103.9","","0","",,"",,""
"1963-09","1963","09","17.5","","5.4","","11.5","","26.7","","-1.7","S","61.0","","0.0","","61.0","","0","",,"",,""
"1963-10","1963","10","15.9","","1.7","","8.8","","25.6","","-7.2","","14.7","","0.0","","14.7","","0","",,"",,""
"1963-11","1963","11","-2.1","","-12.0","","-7.1","","10.0","S","-30.6","","3.8","","23.6","","27.4","","20","",,"",,""
"1963-12","1963","12","-13.1","","-24.5","","-18.8","","3.9","","-37.8","S","2.5","","8.9","","11.4","","23","",,"",,""
"1964-01","1964","01","-12.9","","-23.7","","-18.3","","1.7","","-36.1","","0.0","","14.7","","14.7","","36","",,"",,""
"1964-02","1964","02","-7.2","","-19.6","","-13.4","","4.4","","-33.3","","0.0","","13.7","","13.7","","41","",,"",,""
"1964-03","1964","03","-10.6","","-24.9","","-17.8","","2.2","","-38.9","","0.0","","12.2","","12.2","","","M",,"",,""
"1964-04","1964","04","8.1","","-4.4","","1.9","","20.0","","-14.4","","26.9","","0.0","T","26.9","","0","",,"",,""
"1964-05","1964","05","16.4","","3.5","","10.0","","26.1","","-3.3","","46.7","","0.0","","46.7","","0","",,"",,""
"1964-06","1964","06","22.3","","5.3","","13.8","","28.9","","-2.2","","30.2","","0.0","","30.2","","0","",,"",,""
"1964-07","1964","07","24.4","","12.7","","18.6","","33.3","","5.0","","128.0","","0.0","","128.0","","0","",,"",,""
"1964-08","1964","08","19.2","","8.6","","13.9","","28.3","","2.2","S","87.9","","0.0","","87.9","","0","",,"",,""
"1964-09","1964","09","13.6","","3.0","","8.3","","28.3","","-7.8","","88.4","","5.1","","93.5","","0","",,"",,""
"1964-10","1964","10","9.9","","-1.9","","4.0","","26.7","","-11.7","","23.1","","11.4","","34.5","","","M",,"",,""
"1964-11","1964","11","-4.9","","-12.7","","-8.8","","8.3","","-33.3","","0.0","","14.0","","14.0","","","M",,"",,""
"1964-12","1964","12","-17.3","","-27.1","","-22.2","","-0.6","S","-35.6","","0.0","","","M","","M","","M",,"",,""
"1965-01","1965","01","-18.8","","-29.1","","-24.0","","3.3","","-35.6","S","0.0","","11.4","E","11.4","E","","M",,"",,""
"1965-02","1965","02","-17.2","","-30.7","","-24.0","","0.6","","-41.1","","0.0","","58.4","","58.4","","66","",,"",,""
"1965-03","1965","03","-8.3","","-24.7","","-16.5","","5.6","","-35.6","S","0.0","","3.8","E","3.8","E","","M",,"",,""
"1965-04","1965","04","7.3","","-3.8","","1.8","","26.7","","-18.3","","5.8","","0.0","T","5.8","","0","",,"",,""
"1965-05","1965","05","13.3","","1.8","","7.6","","25.0","","-4.4","","72.9","","1.3","","74.2","","0","",,"",,""
"1965-06","1965","06","21.3","","9.6","","15.5","","29.4","","1.7","","38.1","","0.0","","38.1","","0","",,"",,""
"1965-07","1965","07","22.7","","11.0","","16.9","","30.0","","1.7","","120.1","","0.0","","120.1","","0","",,"",,""
"1965-08","1965","08","21.5","","9.6","","15.6","","29.4","","-0.6","","58.7","","0.0","","58.7","","0","",,"",,""
"1965-09","1965","09","11.1","","0.9","","6.0","","23.9","","-5.6","","85.6","","0.0","T","85.6","","0","",,"",,""
"1965-10","1965","10","10.8","","-1.9","","4.5","","18.3","","-7.2","S","14.5","","0.0","T","14.5","","0","",,"",,""
"1965-11","1965","11","-6.4","","-15.2","","-10.8","","7.8","","-30.6","","0.0","E","40.6","E","40.6","E","","M",,"",,""
"1965-12","1965","12","-8.9","","-18.1","","-13.5","","3.3","","-35.0","","0.0","","22.1","E","22.1","E","","M",,"",,""
"1966-01","1966","01","-24.7","","-36.7","","-30.7","","-8.3","","-45.6","","0.0","","22.9","E","22.9","E","","M",,"",,""
"1966-02","1966","02","-13.3","","-29.4","","-21.4","","1.1","","-46.1","S","0.0","","7.6","","7.6","","","M",,"",,""
"1966-03","1966","03","-3.2","","-17.6","","-10.4","","6.7","","-33.3","","0.0","T","","M","","M","","M",,"",,""
"1966-04","1966","04","2.6","","-6.6","","-2.0","","12.8","","-13.3","S","0.0","T","11.4","E","11.4","E","","M",,"",,""
"1966-05","1966","05","13.8","","0.1","","7.0","","25.6","","-8.3","","21.1","","0.0","T","21.1","","0","",,"",,""
"1966-06","1966","06","21.3","","9.0","","15.2","","30.6","","0.0","","88.4","","0.0","","88.4","","0","",,"",,""
"1966-07","1966","07","23.7","","11.8","","17.8","","29.4","","5.6","","145.0","","0.0","","145.0","","0","",,"",,""
"1966-08","1966","08","22.5","","9.7","","16.1","","30.0","","3.9","","57.7","","0.0","","57.7","","0","",,"",,""
"1966-09","1966","09","19.2","","4.7","","12.0","","28.9","","-3.9","","30.0","","0.0","","30.0","","0","",,"",,""
"1966-10","1966","10","8.1","","-1.8","","3.2","","22.8","","-12.8","S","23.9","","7.6","","31.5","","5","",,"",,""
"1966-11","1966","11","-9.1","","-20.4","","-14.8","","4.4","","-32.8","","0.0","","25.4","","25.4","","","M",,"",,""
"1966-12","1966","12","-12.9","","-23.7","","-18.3","","-2.2","","-37.2","","0.0","","20.3","","20.3","","","M",,"",,""
"1967-01","1967","01","-17.1","","-28.8","","-23.0","","1.7","","-39.4","","0.0","","35.6","E","35.6","E","","M",,"",,""
"1967-02","1967","02","-15.8","","-32.5","","-24.2","","-1.1","","-42.8","","0.0","","12.7","","12.7","","","M",,"",,""
"1967-03","1967","03","-6.8","","-22.8","","-14.8","","5.6","","-32.2","S","0.0","","49.5","E","49.5","E","","M",,"",,""
"1967-04","1967","04","0.9","","-13.3","","-6.2","","8.3","","-32.2","","0.0","","25.4","","25.4","","","M",,"",,""
"1967-05","1967","05","13.2","","0.9","","7.1","","26.7","S","-10.6","","9.9","","0.0","T","9.9","","0","",,"",,""
"1967-06","1967","06","21.1","","7.2","","14.2","","31.7","","-1.1","","25.9","","0.0","","25.9","","0","",,"",,""
"1967-07","1967","07","23.7","","10.4","","17.1","","31.7","","1.1","","79.8","","0.0","","79.8","","0","",,"",,""
"1967-08","1967","08","24.1","","8.8","","16.5","","32.2","","1.7","","18.5","","0.0","","18.5","","0","",,"",,""
"1967-09","1967","09","19.8","","7.4","","13.6","","34.4","","0.0","S","131.8","","0.0","T","131.8","","0","",,"",,""
"1967-10","1967","10","5.4","","-1.7","","1.9","","15.0","","-8.9","","16.8","","19.1","","35.8","","0","T",,"",,""
"1967-11","1967","11","-2.9","","-10.2","","-6.6","","5.0","","-27.2","","15.0","","15.7","","30.7","","","M",,"",,""
"1967-12","1967","12","-12.6","","-20.8","","-16.7","","-1.1","","-42.8","","0.0","","26.7","","26.7","","","M",,"",,""
"1968-01","1968","01","-15.8","","-28.2","","-22.0","","1.7","","","M","0.0","T","25.4","","25.4","","","M",,"",,""
"1968-02","1968","02","-11.8","","-24.3","","-18.1","","5.6","","","M","0.0","","3.8","","3.8","","","M",,"",,""
"1968-03","1968","03","-0.2","","-11.6","","-5.9","","11.7","","-25.6","S","0.0","","5.1","","5.1","","","M",,"",,""
"1968-04","1968","04","8.0","E","-3.8","","2.1","E","17.8","","-13.3","","0.0","","27.7","","27.7","","0","",,"",,""
"1968-05","1968","05","15.9","","2.5","","9.2","","24.4","","-5.6","","52.8","","0.0","","52.8","","0","",,"",,""
"1968-06","1968","06","20.1","","7.6","","13.9","","25.0","S","1.7","","58.7","","0.0","","58.7","","0","",,"",,""
"1968-07","1968","07","22.8","","9.3","","16.1","","28.9","","2.8","","96.0","","0.0","","96.0","","0","",,"",,""
"1968-08","1968","08","19.0","","7.3","","13.2","","27.2","","0.0","","63.0","","0.0","","63.0","","0","",,"",,""
"1968-09","1968","09","16.9","","6.6","","11.8","","29.4","","-0.6","","39.4","","0.0","","39.4","","0","",,"",,""
"1968-10","1968","10","7.3","","-1.6","","2.9","","14.4","","-6.1","S","22.6","","0.0","","22.6","","0","",,"",,""
"1968-11","1968","11","-2.4","","-12.3","","-7.4","","7.2","","-27.2","","0.0","","12.7","","12.7","","3","",,"",,""
"1968-12","1968","12","-15.1","","-25.4","","-20.3","","-6.1","S","-43.9","","0.0","","33.0","E","33.0","E","","M",,"",,""
"1969-01","1969","01","-22.5","","-33.9","","-28.2","","-7.2","","-42.8","","0.0","","16.5","","16.5","","","M",,"",,""
"1969-02","1969","02","-9.9","","-23.5","","-16.7","","0.0","","-43.3","","0.0","","17.8","E","17.8","E","","M",,"",,""
"1969-03","1969","03","-4.4","","-20.6","","-12.5","","4.4","S","-31.7","","0.0","","10.2","E","10.2","E","","M",,"",,""
"1969-04","1969","04","10.9","","-3.7","","3.6","","22.8","","-26.1","","6.4","","6.4","","12.7","","0","",,"",,""
"1969-05","1969","05","15.3","","-0.2","","7.6","","28.3","","-8.3","","20.8","E","0.0","T","20.8","E","0","",,"",,""
"1969-06","1969","06","18.3","","4.3","","11.3","","28.9","","-2.2","","9.9","","16.5","","26.4","","0","",,"",,""
"1969-07","1969","07","23.8","","9.6","","16.7","","33.3","","1.7","S","39.4","","0.0","","39.4","","0","",,"",,""
"1969-08","1969","08","24.9","","10.8","","17.9","","33.3","","4.4","","149.9","","0.0","","149.9","","0","",,"",,""
"1969-09","1969","09","13.2","","3.3","","8.3","","26.1","","-6.1","","56.4","","0.0","","56.4","","0","",,"",,""
"1969-10","1969","10","3.4","","-6.2","","-1.4","","12.2","","-15.6","","35.3","","5.1","","40.4","","0","T",,"",,""
"1969-11","1969","11","-1.0","","-13.1","","-7.1","","11.7","","-25.0","","0.0","T","9.4","","9.4","","0","T",,"",,""
"1969-12","1969","12","-8.7","","-19.3","","-14.0","","8.3","","-32.8","","0.0","","29.2","","29.2","","","M",,"",,""
"1970-01","1970","01","-17.1","","-28.4","","-22.8","","0.6","","-39.4","","0.0","","5.6","","5.6","","","M",,"",,""
"1970-02","1970","02","-10.9","","-24.3","","-17.6","","5.6","","-34.4","","0.0","","13.5","","13.5","","","M",,"",,""
"1970-03","1970","03","-5.5","","-21.7","","-13.6","","7.8","","-35.0","","0.0","","14.0","E","14.0","E","","M",,"",,""
"1970-04","1970","04","3.2","","-6.7","","-1.8","","15.6","","-21.7","","7.6","E","46.5","","54.1","E","","M",,"",,""
"1970-05","1970","05","13.9","","1.3","","7.6","","22.2","","-6.1","","35.6","","2.5","","38.1","","0","",,"",,""
"1970-06","1970","06","22.9","","10.3","","16.6","","33.3","","2.2","","144.0","","0.0","","144.0","","0","",,"",,""
"1970-07","1970","07","24.3","","12.9","","18.6","","29.4","","8.3","","62.0","","0.0","","62.0","","0","",,"",,""
"1970-08","1970","08","23.6","","9.7","","16.7","","35.0","","0.6","","24.1","","0.0","","24.1","","0","",,"",,""
"1970-09","1970","09","16.0","","4.2","","10.1","","26.7","","-4.4","","24.1","","0.0","","24.1","","0","",,"",,""
"1970-10","1970","10","8.3","","-1.1","","3.6","","17.2","S","-8.9","","101.9","","10.4","","112.3","","0","",,"",,""
"1970-11","1970","11","-4.9","","-11.7","","-8.3","","8.9","","-31.7","S","0.0","","26.4","","26.4","","","M",,"",,""
"1970-12","1970","12","-18.7","","-29.4","","-24.1","","0.0","","-43.9","","0.0","","33.8","","33.8","","","M",,"",,""
"1971-01","1971","01","-20.1","","-29.1","","-24.6","","-3.9","","-41.7","","0.0","","13.5","","13.5","","","M",,"",,""
"1971-02","1971","02","-8.7","","-21.9","","-15.3","","6.1","","-34.4","","0.0","","11.2","","11.2","","","M",,"",,""
"1971-03","1971","03","-4.4","","-17.9","","-11.2","","5.0","","-27.2","","0.0","","21.6","","21.6","","","M",,"",,""
"1971-04","1971","04","7.5","","-4.7","","1.4","","17.8","S","-25.6","","22.6","","0.0","T","22.6","","0","",,"",,""
"1971-05","1971","05","18.6","","2.6","","10.6","","28.3","","-2.2","","13.0","","0.0","","13.0","","0","",,"",,""
"1971-06","1971","06","23.2","","8.2","","15.7","","30.0","","-1.7","","15.5","","0.0","","15.5","","0","",,"",,""
"1971-07","1971","07","21.6","","8.8","","15.2","","27.8","","3.3","S","65.3","","0.0","","65.3","","0","",,"",,""
"1971-08","1971","08","24.3","","9.7","","17.0","","34.4","","2.2","","63.2","","0.0","","63.2","","0","",,"",,""
"1971-09","1971","09","16.7","","4.4","","10.6","","29.4","","-2.2","S","77.2","","0.0","","77.2","","0","",,"",,""
"1971-10","1971","10","7.7","","-1.7","","3.0","","17.2","","-10.6","","44.7","","25.4","","70.1","","","M",,"",,""
"1971-11","1971","11","-5.2","","-13.7","","-9.5","","2.8","","-28.9","","0.0","","25.9","E","25.9","E","","M",,"",,""
"1971-12","1971","12","-14.0","","-25.3","","-19.7","","-1.7","","-40.0","","0.0","","49.0","","49.0","","","M",,"",,""
"1972-01","1972","01","-21.6","","-33.0","","-27.3","","-5.0","","-41.7","","0.0","","11.4","E","11.4","E","","M",,"",,""
"1972-02","1972","02","-17.9","","-30.5","","-24.2","","1.1","","-40.0","","0.0","","29.2","","29.2","","","M",,"",,""
"1972-03","1972","03","-4.3","","-18.1","","-11.2","","11.7","","-40.0","","0.0","","26.7","","26.7","","","M",,"",,""
"1972-04","1972","04","5.5","","-5.1","","0.2","","21.7","","-24.4","","8.4","","11.4","","19.8","","","M",,"",,""
"1972-05","1972","05","18.6","","5.4","","12.0","","27.8","","-2.2","","36.8","","0.0","","36.8","","0","",,"",,""
"1972-06","1972","06","22.7","","9.5","","16.1","","30.6","","0.0","","113.0","","0.0","","113.0","","0","",,"",,""
"1972-07","1972","07","21.2","","8.5","","14.9","","26.1","","2.2","","27.2","","0.0","","27.2","","0","",,"",,""
"1972-08","1972","08","23.7","","10.0","","16.9","","32.8","","0.6","","33.3","E","0.0","","33.3","E","0","",,"",,""
"1972-09","1972","09","11.3","","0.6","","6.0","","22.8","","-5.0","","64.3","","5.1","E","69.3","E","0","",,"",,""
"1972-10","1972","10","5.6","","-6.1","","-0.3","","21.1","","-17.2","","9.9","","0.8","","10.7","","0","T",,"",,""
"1972-11","1972","11","-5.5","","-12.7","","-9.1","","4.4","","-25.6","","0.0","T","36.3","","36.3","","15","",,"",,""
"1972-12","1972","12","-17.8","","-27.4","","-22.6","","-7.2","","-35.6","S","0.0","","22.4","E","22.4","E","25","",,"",,""
"1973-01","1973","01","-11.2","","-23.6","","-17.4","","5.6","","-43.9","","0.0","","21.6","E","21.6","E","","M",,"",,""
"1973-02","1973","02","-12.2","","-26.4","","-19.3","","5.0","","-41.7","","0.0","","14.7","","14.7","","30","",,"",,""
"1973-03","1973","03","1.9","","-11.2","","-4.7","","10.0","","-27.8","","0.0","","16.0","","16.0","","18","",,"",,""
"1973-04","1973","04","3.9","","-5.8","","-1.0","","11.1","","-14.4","","38.6","","23.6","","62.2","","0","",,"",,""
"1973-05","1973","05","18.2","","3.2","","10.7","","27.8","","-3.3","","22.9","","0.0","","22.9","","0","",,"",,""
"1973-06","1973","06","19.6","","7.9","","13.8","","33.3","","0.6","","98.6","","0.0","","98.6","","0","",,"",,""
"1973-07","1973","07","23.7","","10.2","","17.0","","31.1","","3.3","","52.6","","0.0","","52.6","","0","",,"",,""
"1973-08","1973","08","25.4","","10.3","","17.9","","32.2","","1.7","","36.6","","0.0","","36.6","","0","",,"",,""
"1973-09","1973","09","16.4","","3.3","","9.9","","24.4","","-6.7","","60.7","","0.0","","60.7","","0","",,"",,""
"1973-10","1973","10","9.2","","-0.8","","4.2","","15.0","","-7.8","","29.7","","3.8","","33.5","","0","",,"",,""
"1973-11","1973","11","-6.8","","-14.7","","-10.8","","0.0","","-25.6","","0.0","","62.2","E","62.2","E","23","",,"",,""
"1973-12","1973","12","-15.6","","-24.9","","-20.3","","-3.9","","-43.9","","0.0","","19.1","E","19.1","E","","M",,"",,""
"1974-01","1974","01","","M","","M","","M","","M","","M","","M","","M","","M","","M",,"",,""
"1974-02","1974","02","","M","","M","","M","","M","","M","","M","","M","","M","","M",,"",,""
"1974-03","1974","03","","M","","M","","M","","M","","M","","M","","M","","M","","M",,"",,""
"1974-04","1974","04","","M","","M","","M","","M","","M","","M","","M","","M","","M",,"",,""
"1974-05","1974","05","","M","","M","","M","","M","","M","","M","","M","","M","","M",,"",,""
"1974-06","1974","06","","M","","M","","M","","M","","M","","M","","M","","M","","M",,"",,""
"1974-07","1974","07","","M","","M","","M","","M","","M","","M","","M","","M","","M",,"",,""
"1974-08","1974","08","","M","","M","","M","","M","0.0","","","M","","M","","M","0","",,"",,""
"1974-09","1974","09","12.3","","2.1","","7.2","","22.8","","-3.9","","72.4","","4.1","","76.5","","0","T",,"",,""
"1974-10","1974","10","8.8","","-1.8","","3.5","","18.3","","-9.4","","4.6","","15.7","","20.3","","0","",,"",,""
"1974-11","1974","11","-0.7","","-9.2","","-5.0","","12.8","","-25.0","","4.8","","23.1","","27.9","","5","",,"",,""
"1974-12","1974","12","-5.8","","-14.9","","-10.4","","5.0","","-26.7","","5.1","E","15.2","","20.3","E","","M",,"",,""
"1975-01","1975","01","-15.6","","-25.8","","-20.7","","0.0","","-40.0","S","0.0","","42.2","","42.2","","","M",,"",,""
"1975-02","1975","02","-11.8","E","-23.6","","-17.7","E","4.4","","-38.9","","0.0","","11.7","","11.7","","36","",,"",,""
"1975-03","1975","03","-6.1","","-19.3","","-12.7","","7.2","","-30.0","","0.0","","11.7","","11.7","","25","",,"",,""
"1975-04","1975","04","5.8","","-6.3","","-0.3","","15.6","S","-27.8","","12.2","","25.4","","37.6","","0","",,"",,""
"1975-05","1975","05","14.1","","2.7","","8.4","","25.0","","-2.2","","70.1","","0.0","","70.1","","0","",,"",,""
"1975-06","1975","06","21.7","","9.2","","15.5","","30.6","","-1.1","","138.4","","0.0","","138.4","","0","",,"",,""
"1975-07","1975","07","25.7","","12.6","","19.2","","31.7","","5.0","","25.9","","0.0","","25.9","","0","",,"",,""
"1975-08","1975","08","19.7","","8.3","","14.0","","26.7","","1.7","S","118.1","","0.0","","118.1","","0","",,"",,""
"1975-09","1975","09","14.1","","4.2","","9.2","","25.0","","-4.4","","79.0","","0.0","","79.0","","0","",,"",,""
"1975-10","1975","10","8.5","","-1.4","","3.6","","22.8","","-13.3","","14.5","","5.1","","19.6","","0","T",,"",,""
"1975-11","1975","11","-0.7","E","-8.5","","-4.6","E","16.1","","-24.4","","0.0","T","16.8","","16.8","","","M",,"",,""
"1975-12","1975","12","-11.4","","-21.2","","-16.3","","1.7","","-37.8","","0.0","","17.8","","17.8","","13","",,"",,""
"1976-01","1976","01","-13.2","","-24.7","","-19.0","","3.3","","-40.6","","0.0","","12.2","","12.2","","","M",,"",,""
"1976-02","1976","02","-8.6","","-22.0","","-15.3","","5.0","","-34.4","","0.0","","17.3","","17.3","","28","",,"",,""
"1976-03","1976","03","-3.1","","-16.8","","-10.0","","13.9","","-33.3","","0.0","","4.1","","4.1","","0","",,"",,""
"1976-04","1976","04","12.0","","-2.0","","5.0","","22.2","","-6.1","","21.3","","12.2","","33.5","","0","",,"",,""
"1976-05","1976","05","19.1","","3.4","","11.3","","28.9","","-8.9","","15.5","","0.0","","15.5","","0","",,"",,""
"1976-06","1976","06","21.0","","9.6","","15.3","","28.9","S","3.3","","148.1","","0.0","","148.1","","0","",,"",,""
"1976-07","1976","07","24.6","","11.5","","18.1","","30.6","","5.6","","86.9","E","0.0","","86.9","E","0","",,"",,""
"1976-08","1976","08","23.8","","10.1","","17.0","","31.1","","2.8","","34.3","","0.0","","34.3","","0","",,"",,""
"1976-09","1976","09","18.8","","3.7","","11.3","","32.2","","-6.7","","28.4","","0.0","","28.4","","0","",,"",,""
"1976-10","1976","10","6.1","","-3.1","","1.5","","17.8","","-14.4","","27.4","","4.1","E","31.5","E","0","",,"",,""
"1976-11","1976","11","-2.1","","-11.6","","-6.9","","10.0","","-27.2","","0.0","T","6.1","","6.1","","3","",,"",,""
"1976-12","1976","12","-13.0","","-24.2","","-18.6","","1.1","","-35.0","","0.0","","30.0","","30.0","","23","",,"",,""
"1977-01","1977","01","-15.9","","-26.8","","-21.4","","-0.6","","-40.0","","0.0","","1.5","","1.5","","17","",,"",,""
"1977-02","1977","02","-5.2","","-17.0","","-11.1","","5.0","","-31.1","S","0.0","","13.2","","13.2","","27","",,"",,""
"1977-03","1977","03","-0.6","","-13.9","","-7.3","","8.9","","-31.1","","0.0","T","35.9","","35.9","","27","",,"",,""
"1977-04","1977","04","12.4","","-2.8","","4.8","","25.0","","-25.0","","19.4","","0.0","T","19.4","","0","",,"",,""
"1977-05","1977","05","21.5","","6.9","","14.2","","31.7","S","-4.4","","59.2","","0.0","","59.2","","0","",,"",,""
"1977-06","1977","06","22.8","","8.1","","15.5","","28.9","","-2.2","","41.8","","0.0","","41.8","","0","",,"",,""
"1977-07","1977","07","22.3","","10.0","","16.2","","28.9","","3.9","","142.4","","0.0","","142.4","","0","",,"",,""
"1977-08","1977","08","17.5","","5.9","","11.7","","22.8","","0.0","","120.6","","0.0","","120.6","","0","",,"",,""
"1977-09","1977","09","15.0","","5.1","","10.1","","18.9","","-2.2","","44.1","","0.0","","44.1","","0","",,"",,""
"1977-10","1977","10","12.0","","0.1","","6.1","","17.8","","-5.0","S","44.8","","0.0","T","44.8","","0","",,"",,""
"1977-11","1977","11","-2.8","","-10.6","E","-6.7","E","9.4","","-27.8","","8.9","","34.7","","43.6","","25","E",,"",,""
"1977-12","1977","12","-16.8","E","-25.3","","-21.1","E","-3.9","S","-38.9","","0.0","","20.0","","20.0","","25","",,"",,""
"1978-01","1978","01","-17.7","E","-28.1","","-22.9","E","-7.2","","-38.3","","0.0","","10.2","","10.2","","27","",,"",,""
"1978-02","1978","02","-10.8","","-24.4","","-17.6","","2.2","","-35.6","S","0.0","T","13.4","","13.4","","33","",,"",,""
"1978-03","1978","03","-3.1","","-16.4","","-9.8","","9.4","","-30.6","","1.0","","30.5","","31.5","","33","",,"",,""
"1978-04","1978","04","4.8","","-7.1","","-1.2","","20.6","","-23.3","","14.0","E","6.6","","20.6","E","","M",,"",,""
"1978-05","1978","05","19.4","","5.6","","12.5","","28.9","","-3.3","","11.5","","0.0","","11.5","","0","",,"",,""
"1978-06","1978","06","20.8","","7.5","","14.2","","32.2","","-1.7","","61.3","","0.0","","61.3","","0","",,"",,""
"1978-07","1978","07","23.0","E","9.3","E","16.2","E","30.6","","2.8","","64.9","","0.0","","64.9","","0","",,"",,""
"1978-08","1978","08","","M","","M","","M","","M","","M","56.6","E","0.0","","56.6","E","0","",,"",,""
"1978-09","1978","09","15.5","","5.1","","10.3","","26.1","","-2.2","","43.0","","0.0","","43.0","","0","",,"",,""
"1978-10","1978","10","9.0","","0.3","","4.7","","25.0","","-5.0","S","72.5","","0.0","T","72.5","","0","",,"",,""
"1978-11","1978","11","-6.5","","-14.6","","-10.6","","17.8","","-32.2","","0.0","T","24.4","","24.4","","17","",,"",,""
"1978-12","1978","12","-14.4","E","-22.9","","-18.7","E","0.0","S","-35.6","","0.0","","14.7","","14.7","","27","",,"",,""
"1979-01","1979","01","-16.7","","-27.2","","-22.0","","-1.7","","-35.6","","0.0","","0.5","","0.5","","27","",,"",,""
"1979-02","1979","02","-19.8","","-30.6","","-25.2","","-8.3","","-37.8","S","0.0","","6.5","","6.5","","30","",,"",,""
"1979-03","1979","03","-5.5","","-18.1","","-11.8","","4.4","","-28.9","","0.0","T","14.7","","14.7","","35","",,"",,""
"1979-04","1979","04","2.7","","-7.4","","-2.4","","12.2","","-30.0","","7.4","E","5.5","E","12.9","E","0","",,"",,""
"1979-05","1979","05","11.9","","0.9","","6.4","","25.0","","-8.3","","66.0","","7.6","","73.6","","0","",,"",,""
"1979-06","1979","06","20.9","","8.4","","14.7","","28.5","","1.5","","82.1","","0.0","","82.1","","0","",,"",,""
"1979-07","1979","07","26.1","E","13.0","E","19.6","E","33.0","","6.5","","28.6","","0.0","","28.6","","0","",,"",,""
"1979-08","1979","08","","M","","M","","M","","M","","M","62.9","E","0.0","","62.9","E","0","",,"",,""
"1979-09","1979","09","15.0","","5.1","","10.1","","27.0","","-3.0","","90.4","","0.0","","90.4","","0","",,"",,""
"1979-10","1979","10","6.7","","-0.7","","3.0","","23.0","","-7.0","","35.5","E","5.0","E","40.5","E","","M",,"",,""
"1979-11","1979","11","-2.3","","-9.9","","-6.1","","8.0","","-22.5","","0.0","T","6.1","","6.1","","3","",,"",,""
"1979-12","1979","12","-7.8","","-16.7","","-12.3","","4.5","","-31.5","","0.0","T","5.0","","5.0","","","M",,"",,""
"1980-01","1980","01","-15.9","","-25.6","","-20.8","","-5.0","","-37.5","","0.0","","11.7","","11.7","","22","",,"",,""
"1980-02","1980","02","-10.5","","-21.4","","-16.0","","0.0","S","-37.5","","0.0","","10.0","","10.0","","27","",,"",,""
"1980-03","1980","03","-4.9","","-18.4","","-11.7","","11.5","","-30.5","","0.0","","8.0","","8.0","","","M",,"",,""
"1980-04","1980","04","15.1","","-0.4","","7.4","","28.5","","-7.5","","5.6","","0.0","T","5.6","","0","",,"",,""
"1980-05","1980","05","20.3","","5.3","E","12.8","E","31.0","S","-6.0","","22.8","","0.0","T","22.8","","0","",,"",,""
"1980-06","1980","06","21.5","","6.8","","14.2","","32.0","","-3.0","","38.4","","0.0","","38.4","","0","",,"",,""
"1980-07","1980","07","24.0","","10.7","","17.4","","29.5","","4.5","","92.2","","0.0","","92.2","","0","",,"",,""
"1980-08","1980","08","20.9","","9.2","","15.1","","25.5","","2.0","","60.4","","0.0","","60.4","","0","",,"",,""
"1980-09","1980","09","14.0","","3.6","","8.8","","29.0","S","-6.0","","78.2","","0.0","T","78.2","","0","",,"",,""
"1980-10","1980","10","8.4","","-1.0","","3.7","","23.5","","-9.5","S","22.6","","2.0","","24.6","","0","",,"",,""
"1980-11","1980","11","-1.3","","-10.4","","-5.9","","11.0","","-24.0","S","0.0","T","21.6","","21.6","","15","",,"",,""
"1980-12","1980","12","-16.5","","-25.0","","-20.8","","5.5","","-33.5","","0.0","T","25.5","","25.5","","23","",,"",,""
"1981-01","1981","01","-8.6","","-18.8","","-13.7","","4.0","","-34.5","","0.0","T","4.8","","4.8","","26","",,"",,""
"1981-02","1981","02","-6.6","","-17.2","","-11.9","","8.5","","-40.0","","","M","","M","","M","11","",,"",,""
"1981-03","1981","03","2.1","","-8.4","","-3.2","","12.0","","-23.0","","0.0","T","1.0","","1.0","","0","",,"",,""
"1981-04","1981","04","5.1","","-4.3","","0.4","","16.0","S","-16.5","","4.0","","21.0","","25.0","","0","",,"",,""
"1981-05","1981","05","","M","","M","","M","","M","","M","","M","","M","","M","","M",,"",,""
"1981-06","1981","06","","M","","M","","M","","M","","M","","M","","M","","M","","M",,"",,""
"1981-07","1981","07","","M","","M","","M","","M","","M","","M","","M","","M","","M",,"",,""
"1981-08","1981","08","","M","","M","","M","","M","","M","","M","","M","","M","","M",,"",,""
"1981-09","1981","09","16.8","E","4.6","","10.7","E","27.5","","-2.5","","73.4","","0.0","T","73.4","","0","",,"",,""
"1981-10","1981","10","6.1","E","-3.1","","1.5","E","19.5","","-19.0","","70.2","","6.0","","76.2","","0","",,"",,""
"1981-11","1981","11","3.5","","-4.9","","-0.7","","12.5","","-13.5","","0.0","T","0.0","T","0.0","T","0","T",,"",,""
"1981-12","1981","12","-10.5","E","-21.7","E","-16.1","E","2.0","","-37.0","","0.0","","13.0","","13.0","","13","",,"",,""
"1982-01","1982","01","-24.4","","-35.5","","-30.0","","-11.0","","-41.5","S","0.0","","15.5","","15.5","","29","",,"",,""
"1982-02","1982","02","-11.5","E","-24.7","","-18.1","E","4.0","S","-37.0","","0.0","T","12.0","","12.0","","40","",,"",,""
"1982-03","1982","03","-3.7","E","-18.6","E","-11.2","E","6.0","","-37.0","S","0.0","","10.0","","10.0","","","M",,"",,""
"1982-04","1982","04","6.5","E","-7.7","E","-0.6","E","25.0","","-26.0","B","1.2","","6.0","","7.2","","0","",,"",,""
"1982-05","1982","05","16.0","E","3.5","","9.8","E","30.0","","-2.5","","35.0","E","0.0","","35.0","E","0","",,"",,""
"1982-06","1982","06","21.2","","6.0","","13.6","","28.0","","1.0","","42.0","","0.0","","42.0","","0","",,"",,""
"1982-07","1982","07","25.1","","9.9","","17.5","","","M","","M","24.8","","0.0","","24.8","","0","",,"",,""
"1982-08","1982","08","","M","","M","","M","","M","","M","47.0","","0.0","T","47.0","","0","",,"",,""
"1982-09","1982","09","17.8","E","1.9","","9.9","E","25.5","B","-5.0","","11.0","","0.0","T","11.0","","0","",,"",,""
"1982-10","1982","10","8.4","E","-5.4","","1.5","E","19.0","S","-12.0","","0.0","","0.0","T","0.0","T","0","",,"",,""
"1982-11","1982","11","-7.0","E","-19.5","E","-13.3","E","5.0","E","-32.0","","0.0","","11.0","","11.0","","11","",,"",,""
"1982-12","1982","12","","M","","M","","M","","M","","M","0.0","T","37.0","","37.0","","","M",,"",,""
"1983-01","1983","01","-14.1","","-24.4","E","-19.3","E","","M","","M","0.0","","23.0","E","23.0","E","58","",,"",,""
"1983-02","1983","02","-9.3","E","-19.4","E","-14.4","E","3.0","","-36.0","S","0.0","","12.0","","12.0","","53","",,"",,""
"1983-03","1983","03","-3.1","E","-17.6","E","-10.4","E","7.0","","-28.0","S","0.0","","17.0","","17.0","","58","",,"",,""
"1983-04","1983","04","3.8","E","-8.0","E","-2.1","E","","M","-23.0","E","0.0","T","","M","","M","0","",,"",,""
"1983-05","1983","05","","M","","M","","M","","M","","M","9.5","E","18.0","E","27.5","E","0","",,"",,""
"1983-06","1983","06","","M","","M","","M","","M","","M","","M","","M","","M","","M",,"",,""
"1983-07","1983","07","","M","","M","","M","","M","","M","","M","","M","","M","","M",,"",,""
"1983-08","1983","08","","M","","M","","M","","M","","M","","M","","M","","M","","M",,"",,""
"1983-09","1983","09","15.3","E","3.9","E","9.6","E","","M","","M","80.9","E","0.0","","80.9","E","0","",,"",,""
"1983-10","1983","10","10.7","","-1.7","E","4.5","E","17.5","","-11.0","","7.4","","7.4","","14.8","","0","",,"",,""
"1983-11","1983","11","-0.2","","-5.1","","-2.7","","12.0","","-17.0","","25.4","","24.0","","49.4","","12","",,"",,""
"1983-12","1983","12","-19.3","E","-29.2","","-24.3","E","","M","","M","0.0","","10.8","E","10.8","E","21","",,"",,""
"1984-01","1984","01","-12.7","","-24.1","","-18.4","","4.0","S","-36.0","S","0.0","T","24.0","","24.0","","16","",,"",,""
"1984-02","1984","02","-2.9","","-13.3","","-8.1","","6.0","","-33.0","","0.0","","11.0","","11.0","","13","",,"",,""
"1984-03","1984","03","-4.1","","-15.0","","-9.6","","8.5","","-35.0","","37.0","","0.0","T","37.0","","0","T",,"",,""
"1984-04","1984","04","11.3","","0.1","E","5.7","E","23.5","","-8.0","","24.5","","18.0","","42.5","","0","T",,"",,""
"1984-05","1984","05","13.7","","1.9","","7.8","","25.5","","-4.0","S","57.0","","0.0","T","57.0","","0","",,"",,""
"1984-06","1984","06","22.2","","9.0","","15.6","","32.0","","3.0","","55.0","","0.0","","55.0","","0","",,"",,""
"1984-07","1984","07","24.9","E","11.3","E","18.1","E","33.0","E","3.5","","27.0","","0.0","","27.0","","0","",,"",,""
"1984-08","1984","08","24.7","","11.1","E","17.9","E","","M","","M","15.0","","0.0","","15.0","","0","",,"",,""
"1984-09","1984","09","13.0","","2.1","","7.6","","27.5","","-7.0","","68.0","","10.0","","78.0","","0","",,"",,""
"1984-10","1984","10","7.2","","-2.2","","2.5","","24.5","","-16.5","","58.0","","13.0","","71.0","","0","T",,"",,""
"1984-11","1984","11","-6.9","","-14.3","","-10.6","","4.5","","-27.0","S","0.0","T","37.0","E","37.0","E","18","",,"",,""
"1984-12","1984","12","-14.1","E","-25.2","","-19.7","E","","M","","M","0.0","T","10.0","E","10.0","E","14","",,"",,""
"1985-01","1985","01","-14.4","E","-25.5","","-20.0","E","","M","-38.5","","0.0","T","20.0","","20.0","","30","",,"",,""
"1985-02","1985","02","-14.9","","-26.9","","-20.9","","5.0","","-38.0","","0.0","T","8.8","E","8.8","E","25","",,"",,""
"1985-03","1985","03","0.6","","-12.6","","-6.0","","11.5","","-27.0","","0.0","","2.0","","2.0","","2","",,"",,""
"1985-04","1985","04","9.6","","-1.9","","3.9","","19.5","","-11.5","","14.0","","0.0","T","14.0","","0","",,"",,""
"1985-05","1985","05","17.2","","4.4","","10.8","","25.0","","-2.0","","63.0","","0.0","","63.0","","0","",,"",,""
"1985-06","1985","06","18.0","","6.7","","12.4","","26.5","","-1.0","","70.0","","0.0","","70.0","","0","",,"",,""
"1985-07","1985","07","22.8","E","9.5","E","16.2","E","","M","","M","33.0","E","0.0","","33.0","E","0","",,"",,""
"1985-08","1985","08","19.8","E","5.9","E","12.9","E","","M","","M","83.0","E","0.0","","83.0","E","0","",,"",,""
"1985-09","1985","09","13.5","","2.6","","8.1","","24.5","","-5.0","","39.0","","0.0","","39.0","","0","",,"",,""
"1985-10","1985","10","7.9","","-2.3","","2.8","","17.0","","-11.0","","13.0","","14.0","","27.0","","0","",,"",,""
"1985-11","1985","11","-11.5","","-19.9","","-15.7","","5.0","","-38.5","","1.0","","14.0","","15.0","","13","",,"",,""
"1985-12","1985","12","-14.4","","-22.9","E","-18.7","E","","M","","M","0.0","T","","M","","M","12","",,"",,""
"1986-01","1986","01","-9.5","","-19.1","","-14.3","","5.0","","-37.0","","0.0","","8.0","E","8.0","E","16","",,"",,""
"1986-02","1986","02","-10.9","","-21.6","","-16.3","","5.5","","-36.5","","0.0","","0.0","T","0.0","T","15","",,"",,""
"1986-03","1986","03","-1.1","","-12.3","","-6.7","","11.0","S","-28.0","","24.0","","8.0","","32.0","","1","",,"",,""
"1986-04","1986","04","5.8","","-4.0","","0.9","","21.0","","-18.0","","23.0","","22.0","","45.0","","7","",,"",,""
"1986-05","1986","05","17.6","","4.5","","11.1","","34.0","","-4.5","","45.0","","0.0","","45.0","","0","",,"",,""
"1986-06","1986","06","21.3","","7.7","E","14.5","E","29.5","S","-0.5","","61.0","","0.0","","61.0","","0","",,"",,""
"1986-07","1986","07","22.2","","11.0","E","16.6","E","27.0","S","6.0","","","M","0.0","","","M","0","",,"",,""
"1986-08","1986","08","","M","","M","","M","","M","","M","","M","0.0","","","M","0","",,"",,""
"1986-09","1986","09","13.5","","3.1","","8.3","","22.5","","-4.5","","","M","0.0","","","M","0","",,"",,""
"1986-10","1986","10","9.5","","-2.0","","3.8","","22.0","","-12.5","","19.0","","5.0","","24.0","","5","",,"",,""
"1986-11","1986","11","-7.5","","-17.9","","-12.7","","4.0","","-29.0","","2.0","","","M","","M","4","",,"",,""
"1986-12","1986","12","-8.4","E","-18.1","E","-13.3","E","","M","","M","0.0","","17.0","","17.0","","15","",,"",,""
"1987-01","1987","01","-8.6","","-19.1","","-13.9","","2.0","","-40.5","","0.0","","7.0","","7.0","","19","",,"",,""
"1987-02","1987","02","-6.1","","-16.6","","-11.4","","4.5","","-31.0","","0.0","","19.0","","19.0","","25","",,"",,""
"1987-03","1987","03","-2.2","","-12.5","","-7.4","","6.5","","-30.5","","31.0","","4.0","","35.0","","1","",,"",,""
"1987-04","1987","04","12.3","","-0.6","","5.9","","21.0","","-13.0","","12.0","","0.0","T","12.0","","0","",,"",,""
"1987-05","1987","05","18.9","","4.5","","11.7","","27.0","S","","M","30.0","","0.0","","30.0","","0","",,"",,""
"1987-06","1987","06","23.0","","9.6","","16.3","","33.5","","-0.5","","71.0","","0.0","","71.0","","0","",,"",,""
"1987-07","1987","07","","M","","M","","M","","M","","M","","M","0.0","","","M","0","",,"",,""
"1987-08","1987","08","19.7","","7.2","","13.5","","29.5","","2.5","","106.0","","0.0","","106.0","","0","",,"",,""
"1987-09","1987","09","17.9","","5.6","","11.8","","29.0","","-1.0","","","M","0.0","","","M","0","",,"",,""
"1987-10","1987","10","","M","-1.5","","","M","","M","-10.0","","","M","5.0","","","M","0","",,"",,""
"1987-11","1987","11","0.4","","-8.7","","-4.2","","14.5","","-22.0","","4.0","","2.0","","6.0","","1","",,"",,""
"1987-12","1987","12","-7.1","E","-14.7","E","-10.9","E","1.0","S","-27.5","E","0.0","T","8.0","","8.0","","","M",,"",,""
"1988-01","1988","01","-16.9","","-25.5","","-21.2","","-4.0","","-40.0","","0.0","","","M","","M","17","",,"",,""
"1988-02","1988","02","-12.3","","-23.5","","-17.9","","5.0","","-38.0","","0.0","","","M","","M","12","",,"",,""
"1988-03","1988","03","-2.8","E","-15.0","E","-8.9","E","7.0","S","-30.0","","3.0","","","M","","M","15","",,"",,""
"1988-04","1988","04","7.2","","-3.3","","2.0","","26.5","","-15.0","","18.0","","","M","","M","0","",,"",,""
"1988-05","1988","05","19.4","","4.8","","12.1","","35.0","","-2.5","S","12.0","","0.0","","12.0","","0","",,"",,""
"1988-06","1988","06","25.4","","12.5","","19.0","","36.0","S","7.0","","33.0","","0.0","","33.0","","0","",,"",,""
"1988-07","1988","07","24.0","","11.3","","17.7","","33.5","","4.5","","","M","0.0","","","M","0","",,"",,""
"1988-08","1988","08","","M","","M","","M","","M","","M","","M","0.0","","","M","0","",,"",,""
"1988-09","1988","09","16.1","","4.5","","10.3","","29.0","","-4.0","S","55.0","","0.0","","55.0","","0","",,"",,""
"1988-10","1988","10","8.4","","-2.9","","2.8","","24.5","","-14.0","S","2.0","","0.0","T","2.0","","0","T",,"",,""
"1988-11","1988","11","-3.5","","-9.3","","-6.4","","3.5","","-22.5","S","0.0","T","15.0","","15.0","","10","",,"",,""
"1988-12","1988","12","-8.4","E","-18.1","E","-13.3","E","","M","","M","0.0","T","8.0","E","8.0","E","","M",,"",,""
"1989-01","1989","01","-12.1","","-23.2","","-17.7","","6.5","","-42.0","","0.0","","","M","","M","10","",,"",,""
"1989-02","1989","02","-12.8","","-23.1","","-18.0","","0.5","","-36.5","","0.0","","14.0","","14.0","","24","",,"",,""
"1989-03","1989","03","-7.8","","-21.2","","-14.5","","5.5","","-38.5","","0.0","","6.0","","6.0","","13","",,"",,""
"1989-04","1989","04","6.2","E","-5.8","","0.2","E","16.0","S","","M","0.0","T","0.0","T","0.0","T","0","",,"",,""
"1989-05","1989","05","18.6","","3.2","","10.9","","29.5","","-8.5","","37.0","","0.0","T","37.0","","0","",,"",,""
"1989-06","1989","06","21.4","","8.4","","14.9","","32.0","","0.0","S","94.0","","0.0","","94.0","","0","",,"",,""
"1989-07","1989","07","","M","","M","","M","","M","","M","40.0","","0.0","","40.0","","0","",,"",,""
"1989-08","1989","08","","M","","M","","M","","M","","M","","M","0.0","","","M","0","",,"",,""
"1989-09","1989","09","15.4","","5.0","","10.2","","24.0","","-2.0","","62.0","","0.0","","62.0","","0","",,"",,""
"1989-10","1989","10","8.7","E","-2.0","E","3.4","E","19.5","","-9.0","","19.0","","","M","","M","3","",,"",,""
"1989-11","1989","11","-7.4","E","-16.6","","-12.0","E","6.5","","-35.0","","0.0","","8.7","E","8.7","E","8","",,"",,""
"1989-12","1989","12","","M","","M","","M","","M","","M","0.0","","0.0","T","0.0","T","","M",,"",,""
"1990-01","1990","01","-13.0","","-23.3","","-18.2","","-1.0","S","-39.0","","0.0","T","14.0","E","14.0","E","23","",,"",,""
"1990-02","1990","02","-13.1","","-26.0","","-19.6","","11.0","","-42.0","","0.0","","19.0","E","19.0","E","28","",,"",,""
"1990-03","1990","03","-0.6","","-9.5","","-5.1","","11.5","","-21.5","","","M","","M","","M","3","",,"",,""
"1990-04","1990","04","5.1","","-4.0","","0.6","","22.0","","-11.0","","2.0","","38.0","E","40.0","E","22","",,"",,""
"1990-05","1990","05","","M","","M","","M","","M","","M","","M","","M","","M","0","",,"",,""
"1990-06","1990","06","21.9","","9.2","","15.6","","","M","","M","68.0","","0.0","","68.0","","0","",,"",,""
"1990-07","1990","07","23.0","","10.8","","16.9","","29.0","S","4.0","","35.0","","0.0","","35.0","","0","",,"",,""
"1990-08","1990","08","24.4","E","10.5","E","17.5","E","33.0","","4.0","","30.0","","0.0","","30.0","","0","",,"",,""
"1990-09","1990","09","17.7","","4.8","","11.3","","29.5","","-5.0","","26.0","","0.0","","26.0","","0","",,"",,""
"1990-10","1990","10","5.0","","-2.2","","1.4","","15.0","","-8.0","","22.0","","0.0","T","22.0","","0","",,"",,""
"1990-11","1990","11","-5.5","","-12.8","E","-9.2","E","2.5","S","-26.0","S","0.0","T","39.0","E","39.0","E","13","",,"",,""
"1990-12","1990","12","","M","-25.8","E","","M","","M","","M","0.0","","","M","","M","","M",,"",,""
"1991-01","1991","01","-17.2","E","-27.6","E","-22.4","E","-3.0","","-40.5","E","0.0","","2.5","E","2.5","E","12","",,"",,""
"1991-02","1991","02","-7.0","E","-18.3","E","-12.7","E","7.0","","-30.5","","0.0","","1.0","","1.0","","7","",,"",,""
"1991-03","1991","03","-2.3","E","-16.1","E","-9.2","E","8.0","B","-37.0","","0.0","","11.0","I","11.0","I","1","",,"",,""
"1991-04","1991","04","9.1","E","-1.6","E","3.8","E","17.0","","-9.0","","32.0","","3.0","","35.0","","0","",,"",,""
"1991-05","1991","05","17.6","E","4.2","E","10.9","E","31.0","","-6.5","","46.0","","15.0","","61.0","","0","",,"",,""
"1991-06","1991","06","22.9","I","10.9","I","17.0","I","28.5","I","5.5","I","72.0","","0.0","","72.0","","0","",,"",,""
"1991-07","1991","07","22.7","I","11.6","I","17.1","I","27.5","I","7.0","I","32.0","I","0.0","","32.0","I","0","",,"",,""
"1991-08","1991","08","25.1","E","10.6","I","17.8","I","32.0","B","5.0","I","25.0","","0.0","","25.0","","0","",,"",,""
"1991-09","1991","09","15.8","E","4.7","E","10.4","E","36.0","E","-4.0","E","50.0","","0.0","","50.0","","0","",,"",,""
"1991-10","1991","10","2.1","E","-5.8","E","-1.9","E","19.0","E","-18.0","E","11.0","E","56.0","","67.0","E","44","",,"",,""
"1991-11","1991","11","-8.8","E","-17.7","E","-13.9","I","5.0","E","-34.0","E","0.0","","7.0","","7.0","","19","",,"",,""
"1991-12","1991","12","-10.9","E","-21.1","E","-16.4","E","5.0","E","-37.0","E","0.0","","2.0","","2.0","","","",,"",,""
"1992-01","1992","01","-9.9","E","-19.7","E","-14.8","E","-1.0","","-38.0","","0.0","","7.0","","7.0","","27","",,"",,""
"1992-02","1992","02","-8.4","E","-19.4","E","-13.9","E","6.5","","-36.0","","0.0","T","10.0","","10.0","","22","",,"",,""
"1992-03","1992","03","-0.8","E","-11.0","","-5.9","E","10.5","E","-23.0","","0.0","T","2.0","I","2.0","I","10","",,"",,""
"1992-04","1992","04","6.1","E","-4.2","E","1.0","E","22.0","E","-19.0","E","11.0","","2.0","","13.0","","0","",,"",,""
"1992-05","1992","05","15.3","E","2.2","","8.8","E","30.0","","-4.0","","29.5","","2.0","","31.5","","0","",,"",,""
"1992-06","1992","06","19.3","E","6.6","E","13.0","E","32.0","E","0.5","E","66.0","","0.0","","66.0","","0","",,"",,""
"1992-07","1992","07","20.6","E","9.7","E","15.2","E","27.0","","4.5","","97.0","","0.0","","97.0","","0","",,"",,""
"1992-08","1992","08","21.4","E","8.3","E","14.7","E","31.0","E","-1.0","E","33.0","","0.0","","33.0","","0","",,"",,""
"1992-09","1992","09","14.3","E","3.3","E","8.8","E","27.0","S","-4.0","","39.0","","0.0","","39.0","","0","",,"",,""
"1992-10","1992","10","7.8","E","-2.6","E","2.6","E","23.0","S","-10.5","","17.0","","3.0","","20.0","","0","",,"",,""
"1992-11","1992","11","-0.7","","-7.3","","-4.0","","5.0","","-16.0","","0.0","I","","M","","M","3","",,"",,""
"1992-12","1992","12","-11.4","I","-20.9","I","-16.2","I","1.0","I","-32.5","I","0.0","","0.0","I","0.0","I","","M",,"",,""
"1993-01","1993","01","-11.1","E","-22.7","E","-17.2","E","8.5","E","-38.0","E","0.0","","2.0","","2.0","","10","",,"",,""
"1993-02","1993","02","-9.3","E","-20.2","","-14.8","E","10.0","","-33.5","","0.0","","0.0","T","0.0","T","6","",,"",,""
"1993-03","1993","03","2.3","","-8.1","","-2.9","","18.0","","-25.0","S","10.7","","0.0","T","10.7","","0","",,"",,""
"1993-04","1993","04","8.1","","-2.7","E","2.7","E","17.0","S","-10.5","","0.0","","53.5","","53.5","","0","",,"",,""
"1993-05","1993","05","16.3","E","2.4","","9.3","E","27.0","E","-3.0","S","12.9","E","0.0","T","12.9","E","0","",,"",,""
"1993-06","1993","06","18.6","E","6.9","E","12.6","E","28.0","E","2.0","B","118.0","","0.0","","118.0","","0","",,"",,""
"1993-07","1993","07","18.4","I","9.9","I","14.2","I","24.0","I","6.0","I","161.3","E","0.0","","161.3","E","0","",,"",,""
"1993-08","1993","08","20.9","E","11.2","E","16.1","E","28.0","","3.5","S","119.2","","0.0","","119.2","","0","",,"",,""
"1993-09","1993","09","13.4","","2.4","","7.9","","22.0","","-5.0","","51.4","","3.0","","54.4","","0","",,"",,""
"1993-10","1993","10","5.4","E","-3.4","E","1.0","E","13.5","","-12.0","","21.1","","3.5","","24.6","","0","T",,"",,""
"1993-11","1993","11","-4.2","E","-14.2","E","-9.3","E","4.0","E","-31.0","E","0.0","","4.0","E","4.0","E","10","",,"",,""
"1993-12","1993","12","-9.2","E","-17.0","E","-13.1","E","-0.5","E","-36.0","E","0.0","T","4.5","I","4.5","I","","M",,"",,""
"1994-01","1994","01","-21.1","E","-30.8","E","-25.9","E","-7.0","","-38.5","","0.0","","2.0","I","2.0","I","17","",,"",,""
"1994-02","1994","02","-17.1","","-27.4","","-22.3","","-5.5","","-38.0","","0.0","","7.0","","7.0","","19","",,"",,""
"1994-03","1994","03","0.5","E","-10.6","E","-5.1","E","10.0","","-28.0","","0.0","T","0.0","T","0.0","T","1","",,"",,""
"1994-04","1994","04","7.7","E","-4.7","E","1.5","E","24.0","","-16.0","","1.0","I","","M","1.0","I","0","",,"",,""
"1994-05","1994","05","16.3","E","2.7","","9.5","E","27.5","","-4.5","","22.0","","0.0","T","22.0","","0","",,"",,""
"1994-06","1994","06","21.0","E","9.0","E","15.0","E","30.5","E","1.0","","41.4","","0.0","","41.4","","0","",,"",,""
"1994-07","1994","07","22.6","I","10.8","I","16.5","I","28.0","I","6.0","I","36.2","I","0.0","","36.2","I","0","",,"",,""
"1994-08","1994","08","21.9","E","8.9","E","15.5","E","28.0","B","3.0","E","9.0","I","0.0","","9.0","I","0","",,"",,""
"1994-09","1994","09","20.1","E","6.3","","13.2","E","31.0","","-2.0","","39.0","","0.0","","39.0","","0","",,"",,""
"1994-10","1994","10","9.6","","0.5","","5.1","","19.0","","-7.0","","48.6","","0.0","T","48.6","","0","",,"",,""
"1994-11","1994","11","-1.9","","-10.7","","-6.3","","5.0","","-24.0","","0.0","","7.0","I","7.0","I","3","",,"",,""
"1994-12","1994","12","-10.3","E","-20.7","E","-15.5","E","2.5","E","-33.0","E","0.0","","4.0","I","4.0","I","","M",,"",,""
"1995-01","1995","01","-13.5","E","-22.0","E","-17.8","E","4.0","","-39.5","","0.0","T","","M","","M","15","",,"",,""
"1995-02","1995","02","-10.5","","-21.1","","-15.8","","5.0","","-33.0","","0.0","","3.0","I","3.0","I","16","",,"",,""
"1995-03","1995","03","-3.5","E","-14.1","E","-8.8","E","9.5","","-42.0","","0.0","T","4.0","I","4.0","I","9","",,"",,""
"1995-04","1995","04","2.8","E","-7.1","E","-2.1","E","10.0","S","-24.5","S","0.0","I","4.0","I","4.0","I","0","",,"",,""
"1995-05","1995","05","16.5","E","2.0","E","9.3","E","33.5","","-3.5","","4.2","","0.0","","4.2","","0","",,"",,""
"1995-06","1995","06","24.5","E","12.4","E","18.6","E","34.5","B","3.0","E","74.3","","0.0","","74.3","","0","",,"",,""
"1995-07","1995","07","22.7","","10.2","","16.5","","28.0","","5.0","","58.4","","0.0","","58.4","","0","",,"",,""
"1995-08","1995","08","21.6","E","11.3","E","16.4","E","32.0","E","3.0","E","132.3","","0.0","","132.3","","0","",,"",,""
"1995-09","1995","09","17.2","E","5.0","","11.1","E","27.0","S","-3.0","S","9.8","","7.0","","16.8","","0","",,"",,""
"1995-10","1995","10","8.3","","-1.6","","3.3","","16.0","S","-8.5","","18.7","","0.0","T","18.7","","1","",,"",,""
"1995-11","1995","11","-7.9","","-15.1","","-11.5","","4.0","S","-25.5","","0.0","","11.0","E","11.0","E","4","",,"",,""
"1995-12","1995","12","-15.1","I","-22.5","I","-19.0","I","-3.5","I","-37.0","I","0.0","","0.0","I","0.0","I","8","",,"",,""
"1996-01","1996","01","-19.8","E","-29.4","E","-24.6","E","5.0","","-39.0","","0.0","","0.0","T","0.0","T","9","",,"",,""
"1996-02","1996","02","-10.1","","-21.0","","-15.6","","2.5","","-40.0","","0.0","T","8.0","","8.0","","13","",,"",,""
"1996-03","1996","03","-7.2","","-19.9","","-13.6","","11.5","","-36.0","","0.0","","","","","","14","",,"",,""
"1996-04","1996","04","4.5","","-5.8","","-0.6","","15.0","","-22.5","","0.0","T","19.0","","19.0","","0","",,"",,""
"1996-05","1996","05","12.7","E","1.4","E","7.1","E","26.0","E","-5.5","","48.0","","9.0","","57.0","","0","",,"",,""
"1996-06","1996","06","22.6","","10.4","","16.5","","33.5","","3.0","","51.6","","0.0","","51.6","","0","",,"",,""
"1996-07","1996","07","23.9","E","12.1","E","18.0","E","28.0","E","8.0","E","87.4","","0.0","","87.4","","0","",,"",,""
"1996-08","1996","08","24.3","E","11.2","E","17.7","E","34.5","E","5.0","E","18.0","I","0.0","","18.0","I","0","",,"",,""
"1996-09","1996","09","15.2","","5.9","","10.6","","24.0","","-4.0","","67.4","","0.0","","67.4","","0","",,"",,""
"1996-10","1996","10","6.2","E","-1.5","E","2.4","E","21.0","","-14.5","","51.7","E","14.2","","65.9","E","1","",,"",,""
"1996-11","1996","11","-8.4","","-16.9","","-12.6","","6.0","","-29.5","","0.0","","12.0","","12.0","","10","",,"",,""
"1996-12","1996","12","-16.5","E","-23.3","E","-19.9","E","-5.0","","-40.5","","0.0","I","3.0","I","3.0","I","16","",,"",,""
"1997-01","1997","01","-17.9","","-27.4","","-22.7","","0.5","","-38.0","S","0.0","","27.0","","27.0","","27","",,"",,""
"1997-02","1997","02","-7.8","","-20.4","","-14.1","","5.0","","-32.5","","0.0","T","","M","","M","20","",,"",,""
"1997-03","1997","03","-4.7","E","-18.5","E","-11.6","E","8.0","","-34.0","","0.0","T","11.0","I","11.0","I","8","",,"",,""
"1997-04","1997","04","4.0","","-6.1","","-1.1","","14.0","","-23.0","","14.0","","7.2","","21.2","","0","T",,"",,""
"1997-05","1997","05","13.7","","1.3","","7.5","","27.5","","-5.0","","23.6","","0.0","T","23.6","","0","",,"",,""
"1997-06","1997","06","22.1","E","10.2","E","16.2","I","28.0","E","5.5","E","48.6","I","0.0","","48.6","I","0","",,"",,""
"1997-07","1997","07","25.0","E","12.1","E","18.6","E","30.0","S","3.0","","61.2","","0.0","","61.2","","0","",,"",,""
"1997-08","1997","08","22.4","E","10.6","E","16.5","E","33.5","","2.0","","48.8","","0.0","","48.8","","0","",,"",,""
"1997-09","1997","09","18.0","I","6.3","I","12.3","I","26.0","I","-1.0","I","78.2","I","0.0","","78.2","I","0","",,"",,""
"1997-10","1997","10","5.5","","-2.1","","1.7","","20.0","","-18.5","","49.8","","7.0","","56.8","","2","",,"",,""
"1997-11","1997","11","-2.4","E","-10.1","E","-6.2","E","7.5","E","-17.0","B","0.0","","","M","","M","0","T",,"",,""
"1997-12","1997","12","-3.5","","-10.7","E","-7.0","E","8.5","","-25.5","E","0.0","T","10.0","I","10.0","I","5","",,"",,""
"1998-01","1998","01","-17.5","","-23.8","E","-20.6","E","-8.5","","-37.0","E","0.0","","13.0","I","13.0","I","20","",,"",,""
"1998-02","1998","02","-2.8","E","-10.8","E","-6.8","E","5.5","E","-31.0","E","0.0","I","0.0","I","0.0","I","10","",,"",,""
"1998-03","1998","03","-2.2","","-15.4","","-8.8","","11.0","","-32.5","","0.0","","3.0","I","3.0","I","2","",,"",,""
"1998-04","1998","04","13.1","","-1.3","","5.9","","25.5","","-6.0","S","0.0","T","0.0","T","0.0","T","0","",,"",,""
"1998-05","1998","05","17.6","","2.5","","10.1","","28.0","","-5.0","","25.4","","0.0","","25.4","","0","",,"",,""
"1998-06","1998","06","20.6","E","9.2","E","14.8","E","29.0","E","1.0","E","16.8","I","0.0","","16.8","I","0","",,"",,""
"1998-07","1998","07","24.7","E","12.5","E","18.6","E","32.0","E","6.0","","35.6","","0.0","","35.6","","0","",,"",,""
"1998-08","1998","08","25.3","","11.8","","18.6","","32.0","S","6.0","","69.4","","0.0","","69.4","","0","",,"",,""
"1998-09","1998","09","18.9","","4.5","","11.7","","27.5","S","-4.0","","23.4","","0.0","","23.4","","0","",,"",,""
"1998-10","1998","10","9.8","","-0.6","","4.6","","21.0","","-6.0","","35.4","","56.0","","91.4","","0","",,"",,""
"1998-11","1998","11","-2.1","","-9.4","","-5.7","","6.0","","-21.0","","0.0","T","6.0","","6.0","","6","",,"",,""
"1998-12","1998","12","-9.1","I","-18.7","I","-13.9","I","4.5","I","-34.0","I","0.0","","7.0","","7.0","","","M",,"",,""
"1999-01","1999","01","-14.9","E","-24.5","E","-19.7","E","6.0","","-38.0","","0.0","","22.0","","22.0","","18","",,"",,""
"1999-02","1999","02","-8.5","","-18.6","","-13.6","","4.0","","-32.0","","0.0","","11.0","","11.0","","18","",,"",,""
"1999-03","1999","03","0.1","","-11.5","","-5.7","","10.0","","-28.5","","0.0","","9.0","","9.0","","10","",,"",,""
"1999-04","1999","04","11.1","","-1.1","","5.0","","23.5","","-18.5","","19.2","","24.2","","43.4","","0","",,"",,""
"1999-05","1999","05","14.3","","4.1","","9.2","","27.0","S","-3.0","S","109.8","","0.0","","109.8","","0","",,"",,""
"1999-06","1999","06","21.2","E","8.5","E","14.9","E","29.0","S","2.0","","126.4","E","0.0","","126.4","E","0","",,"",,""
"1999-07","1999","07","23.2","","12.1","","17.6","","29.0","S","6.5","","47.6","I","0.0","","47.6","I","0","",,"",,""
"1999-08","1999","08","23.3","","9.7","","16.5","","32.0","","2.0","","30.6","","0.0","","30.6","","0","",,"",,""
"1999-09","1999","09","16.3","","4.0","","10.2","","23.0","","-4.0","","32.0","","0.0","T","32.0","","0","",,"",,""
"1999-10","1999","10","8.0","","-1.7","","3.2","","17.0","","-7.5","","24.2","","0.0","T","24.2","","0","",,"",,""
"1999-11","1999","11","1.3","","-7.0","","-2.9","","10.0","","-18.0","","0.0","T","5.0","","5.0","","4","",,"",,""
"1999-12","1999","12","-8.1","","-17.5","","-12.9","","2.0","S","-33.5","","0.0","T","9.0","","9.0","","4","",,"",,""
"2000-01","2000","01","-14.5","","-26.3","","-20.5","","-1.0","","-39.0","","0.0","T","12.0","","12.0","","10","",,"",,""
"2000-02","2000","02","-3.0","I","-15.5","I","-9.6","I","5.0","I","-27.0","I","0.0","","8.0","","8.0","","8","",,"",,""
"2000-03","2000","03","2.3","","-8.3","","-3.0","","14.0","","-25.0","","2.0","","6.0","","8.0","","0","",,"",,""
"2000-04","2000","04","8.1","","-4.5","","1.8","","21.5","","-17.0","","8.2","","0.0","T","8.2","","0","",,"",,""
"2000-05","2000","05","15.1","","2.3","","8.7","","24.0","","-5.0","S","63.1","","0.0","","63.1","","0","",,"",,""
"2000-06","2000","06","17.9","E","6.8","E","12.4","E","27.5","","0.0","","75.9","","0.0","","75.9","","0","",,"",,""
"2000-07","2000","07","24.2","E","12.0","E","18.1","E","34.5","","2.0","","76.8","","0.0","","76.8","","0","",,"",,""
"2000-08","2000","08","21.9","E","9.8","E","15.8","E","30.5","","-1.0","","39.1","","0.0","","39.1","","0","",,"",,""
"2000-09","2000","09","15.2","","4.0","","9.6","","27.5","","-5.0","S","38.4","","0.0","T","38.4","","0","",,"",,""
"2000-10","2000","10","10.3","","-1.6","","4.3","","17.5","S","-8.5","","2.0","","0.0","T","2.0","","0","",,"",,""
"2000-11","2000","11","-4.3","E","-12.6","E","-8.5","E","9.0","","-21.5","","0.0","T","20.0","","20.0","","11","",,"",,""
"2000-12","2000","12","-19.0","","-28.5","","-23.8","","-1.5","","-39.0","","0.0","","21.0","","21.0","","19","",,"",,""
"2001-01","2001","01","-5.9","","-16.7","","-11.3","","4.0","","-29.5","","0.0","T","3.0","","3.0","","8","",,"",,""
"2001-02","2001","02","-13.1","","-26.2","","-19.7","","2.5","","-40.0","","0.0","","4.0","","4.0","","5","",,"",,""
"2001-03","2001","03","-1.4","E","-12.0","E","-6.7","E","6.0","S","-23.0","","0.0","T","0.0","T","0.0","T","3","",,"",,""
"2001-04","2001","04","10.0","","-2.7","","3.6","","26.0","","-14.5","","4.0","","4.0","","8.0","","0","",,"",,""
"2001-05","2001","05","16.7","","4.1","","10.4","","23.0","S","-4.0","","80.2","","0.0","","80.2","","0","",,"",,""
"2001-06","2001","06","19.6","I","5.8","I","12.8","I","23.0","I","1.0","I","31.5","","0.0","","31.5","","0","",,"",,""
"2001-07","2001","07","25.4","E","12.7","E","19.1","E","31.0","","3.5","E","85.4","","0.0","","85.4","","0","",,"",,""
"2001-08","2001","08","25.1","E","11.7","E","18.4","E","32.5","S","4.5","","70.6","","0.0","","70.6","","0","",,"",,""
"2001-09","2001","09","19.3","E","5.6","E","12.5","E","26.0","","-5.0","","30.0","","0.0","","30.0","","0","",,"",,""
"2001-10","2001","10","7.6","","-2.4","","2.6","","21.0","","-10.0","","9.0","","0.0","T","9.0","","0","",,"",,""
"2001-11","2001","11","0.3","","-5.9","E","-3.1","E","9.0","","-22.0","E","8.0","","3.0","","11.0","","2","",,"",,""
"2001-12","2001","12","-8.4","","-18.1","","-13.2","","0.0","","-26.0","","0.0","T","13.0","","13.0","","11","",,"",,""
"2002-01","2002","01","-13.5","","-23.0","","-18.2","","6.0","","-39.5","","1.0","","4.0","","5.0","","5","",,"",,""
"2002-02","2002","02","-4.9","","-16.5","","-10.7","","6.0","","-33.0","","0.0","","9.0","","9.0","","6","",,"",,""
"2002-03","2002","03","-8.7","","-20.5","","-14.6","","3.0","","-34.0","","0.0","","5.0","","5.0","","5","",,"",,""
"2002-04","2002","04","3.0","","-8.0","","-2.5","","14.0","S","-20.0","","11.8","","38.0","","49.8","","0","",,"",,""
"2002-05","2002","05","13.1","","-1.8","","5.7","","29.0","","-9.0","","7.8","","0.0","","7.8","","0","",,"",,""
"2002-06","2002","06","22.7","E","9.2","E","16.0","E","36.0","","1.0","","47.8","","0.0","","47.8","","0","",,"",,""
"2002-07","2002","07","25.4","","12.4","","18.9","","33.5","","6.0","","102.0","","0.0","","102.0","","0","",,"",,""
"2002-08","2002","08","21.8","E","10.9","E","16.4","E","30.5","","4.5","","37.4","","0.0","","37.4","","0","",,"",,""
"2002-09","2002","09","15.7","","5.8","","10.8","","26.0","","-6.5","","74.4","","0.0","","74.4","","0","",,"",,""
"2002-10","2002","10","2.2","","-6.9","","-2.4","","13.0","","-14.0","S","8.2","","2.6","","10.8","","0","T",,"",,""
"2002-11","2002","11","-3.8","","-11.6","","-7.7","","9.5","","-23.5","","0.0","","4.0","","4.0","","0","T",,"",,""
"2002-12","2002","12","-6.6","","-13.9","","-10.3","","-0.5","","-30.5","","2.0","","43.2","","45.2","","30","",,"",,""
"2003-01","2003","01","-13.1","","-23.7","","-18.4","","7.0","S","-37.0","","0.0","T","5.2","","5.2","","12","",,"",,""
"2003-02","2003","02","-15.8","E","-28.2","E","-22.0","E","-6.5","S","-37.0","","0.0","","17.4","","17.4","","13","",,"",,""
"2003-03","2003","03","-5.5","","-16.8","","-11.2","","9.0","","-38.0","S","0.0","","1.0","","1.0","","4","",,"",,""
"2003-04","2003","04","7.5","","-4.4","","1.5","","23.0","","-20.5","","10.0","","5.0","","15.0","","0","",,"",,""
"2003-05","2003","05","18.4","","3.3","","10.9","","31.0","","-8.0","","14.6","","0.0","","14.6","","0","",,"",,""
"2003-06","2003","06","22.3","","9.1","","15.7","","30.0","","4.0","","116.3","","0.0","","116.3","","0","",,"",,""
"2003-07","2003","07","24.6","E","12.2","E","18.4","E","30.0","S","4.5","","70.0","","0.0","","70.0","","0","",,"",,""
"2003-08","2003","08","26.3","","12.2","","19.3","","34.0","","4.5","","26.8","","0.0","","26.8","","0","",,"",,""
"2003-09","2003","09","15.4","","5.8","","10.6","","29.0","","-4.5","","116.0","","0.0","","116.0","","0","",,"",,""
"2003-10","2003","10","9.9","","0.0","","5.0","","24.5","","-7.0","","8.0","","11.0","","19.0","","4","",,"",,""
"2003-11","2003","11","-5.3","","-14.4","","-9.9","","6.0","","-26.0","","0.0","","3.0","","3.0","","5","",,"",,""
"2003-12","2003","12","-7.0","","-15.8","","-11.4","","3.0","","-34.0","","0.0","T","4.0","","4.0","","2","",,"",,""
"2004-01","2004","01","-19.2","","-28.2","","-23.7","","-8.0","","-41.0","","0.0","","30.0","","30.0","","24","",,"",,""
"2004-02","2004","02","-7.1","","-18.0","","-12.6","","4.0","","-33.5","","0.0","T","16.0","","16.0","","18","",,"",,""
"2004-03","2004","03","-2.4","","-15.7","","-9.1","","11.5","","-29.5","","2.0","","23.0","","25.0","","15","",,"",,""
"2004-04","2004","04","6.1","","-2.9","","1.6","","16.5","","-10.5","","9.6","","5.0","","14.6","","0","",,"",,""
"2004-05","2004","05","11.9","","-0.9","","5.5","","28.0","","-7.5","","32.6","","7.0","","39.6","","0","",,"",,""
"2004-06","2004","06","18.1","E","6.8","E","12.4","E","29.5","","1.0","","81.2","","0.0","","81.2","","0","",,"",,""
"2004-07","2004","07","24.8","I","12.7","I","18.9","I","29.0","I","7.0","I","87.6","I","0.0","","87.6","I","0","",,"",,""
"2004-08","2004","08","19.4","I","9.0","I","14.2","I","27.5","I","4.5","I","39.8","I","0.0","","39.8","I","0","",,"",,""
"2004-09","2004","09","15.8","I","4.9","I","10.6","I","23.0","I","-0.5","I","17.8","I","1.0","","18.8","I","0","",,"",,""
"2004-10","2004","10","6.8","","-1.9","","2.4","","21.5","","-12.0","","8.4","","9.6","","18.0","","0","",,"",,""
"2004-11","2004","11","1.1","","-8.2","","-3.5","","12.0","","-26.0","","0.0","T","7.0","","7.0","","6","",,"",,""
"2004-12","2004","12","-10.9","I","-25.2","I","-18.1","I","4.0","I","-35.0","I","0.0","T","48.0","","48.0","","","M",,"",,""
"2005-01","2005","01","-15.7","","-26.0","E","-20.9","E","-2.5","","-40.0","","0.0","","20.4","E","20.4","E","38","",,"",,""
"2005-02","2005","02","-8.6","E","-19.7","E","-14.2","E","8.0","","-33.0","E","0.0","","18.0","E","18.0","E","43","",,"",,""
"2005-03","2005","03","-3.4","","-15.2","","-9.3","","7.0","","-28.0","","1.0","","6.0","","7.0","","24","",,"",,""
