"Station Name","VANKLEEK HILL"
"Province","ONTARIO"
"Latitude","45.52"
"Longitude","-74.65"
"Elevation","88.40"
"Climate Identifier","6109132"
"WMO Identifier",""
"TC Identifier",""

"Legend"
"B","More than one occurrence and estimated"
"E","Estimated"
"M","Missing"
"S","More than one occurrence"
"T","Trace"
"[empty]","No data available"
"^","The value displayed is based on incomplete data"

"Date/Time","Year","Month","Mean Max Temp (°C)","Mean Max Temp Flag","Mean Min Temp (°C)","Mean Min Temp Flag","Mean Temp (°C)","Mean Temp Flag","Extr Max Temp (°C)","Extr Max Temp Flag","Extr Min Temp (°C)","Extr Min Temp Flag","Total Rain (mm)","Total Rain Flag","Total Snow (cm)","Total Snow Flag","Total Precip (mm)","Total Precip Flag","Snow Grnd Last Day (cm)","Snow Grnd Last Day Flag","Dir of Max Gust (10's deg)","Dir of Max Gust Flag","Spd of Max Gust (km/h)","Spd of Max Gust Flag"
"1902-01","1902","01","","M","","M","","M","","M","","M","","M","","M","","M","","",,"",,""
"1902-02","1902","02","","M","","M","","M","","M","","M","","M","","M","","M","","",,"",,""
"1902-03","1902","03","","M","","M","","M","","M","","M","","M","","M","","M","","",,"",,""
"1902-04","1902","04","","M","","M","","M","","M","","M","","M","","M","","M","","",,"",,""
"1902-05","1902","05","","M","","M","","M","","M","","M","","M","","M","","M","","",,"",,""
"1902-06","1902","06","","M","","M","","M","","M","","M","","M","","M","","M","","",,"",,""
"1902-07","1902","07","","M","","M","","M","","M","","M","","M","","M","","M","","",,"",,""
"1902-08","1902","08","","M","","M","","M","","M","","M","","M","","M","","M","","",,"",,""
"1902-09","1902","09","","M","","M","","M","","M","","M","","M","0.0","","","M","","",,"",,""
"1902-10","1902","10","11.4","","1.1","","6.3","","","M","","M","91.4","","0.0","","91.4","","","",,"",,""
"1902-11","1902","11","6.4","","-2.0","","2.2","","15.6","","-12.2","","54.6","","0.0","","54.6","","","",,"",,""
"1902-12","1902","12","-6.3","","-15.6","","-11.0","","3.3","S","-30.6","S","0.0","","20.3","","20.3","","","",,"",,""
"1903-01","1903","01","-7.1","","-16.5","","-11.8","","4.4","","-30.6","","0.0","","33.0","","33.0","","","",,"",,""
"1903-02","1903","02","-5.6","","-13.9","","-9.8","","3.9","","-28.9","","19.1","","52.1","","71.1","","","",,"",,""
"1903-03","1903","03","4.1","","-4.3","","-0.1","","16.1","","-17.8","S","84.6","","2.5","","87.1","","","",,"",,""
"1903-04","1903","04","11.4","","-0.2","","5.6","","22.8","","-11.1","","39.9","","10.2","","50.0","","","",,"",,""
"1903-05","1903","05","21.9","","6.1","","14.0","","31.7","","-5.0","","5.1","","0.0","","5.1","","","",,"",,""
"1903-06","1903","06","21.9","","11.3","","16.6","","30.6","","7.2","","193.0","","0.0","","193.0","","","",,"",,""
"1903-07","1903","07","","M","","M","","M","","M","","M","","M","","M","","M","","",,"",,""
"1903-08","1903","08","","M","","M","","M","","M","","M","157.0","","0.0","","157.0","","","",,"",,""
"1903-09","1903","09","20.0","","8.5","","14.3","","28.9","","2.8","S","67.6","","0.0","","67.6","","","",,"",,""
"1903-10","1903","10","12.9","","2.8","","7.9","","19.4","","-5.6","","125.2","","0.0","","125.2","","","",,"",,""
"1903-11","1903","11","2.6","","-5.2","","-1.3","","13.9","S","-17.2","","16.3","","0.0","T","16.3","","","",,"",,""
"1903-12","1903","12","-6.9","","-16.7","","-11.8","","4.4","","-30.6","","0.0","","59.7","","59.7","","","",,"",,""
"1904-01","1904","01","-10.5","","-19.7","","-15.1","","2.8","","-31.1","","0.0","","53.3","","53.3","","","",,"",,""
"1904-02","1904","02","-10.6","","-20.6","","-15.6","","3.9","","-30.6","","0.0","","58.4","","58.4","","","",,"",,""
"1904-03","1904","03","-1.3","","-10.3","","-5.8","","8.3","","-23.3","","65.8","","31.8","","97.5","","","",,"",,""
"1904-04","1904","04","7.3","","-0.5","","3.4","","18.3","","-7.2","","110.0","","20.3","","130.3","","","",,"",,""
"1904-05","1904","05","20.3","","9.1","","14.7","","27.2","","2.8","","91.4","","0.0","","91.4","","","",,"",,""
"1904-06","1904","06","22.6","","11.5","","17.1","","30.0","S","5.0","","78.5","","0.0","","78.5","","","",,"",,""
"1904-07","1904","07","","M","","M","","M","","M","","M","","M","","M","","M","","",,"",,""
"1904-08","1904","08","","M","","M","","M","","M","","M","","M","","M","","M","","",,"",,""
"1904-09","1904","09","16.4","","6.5","","11.5","","25.6","","-1.7","","127.0","","0.0","","127.0","","","",,"",,""
"1904-10","1904","10","10.0","","0.8","","5.4","","21.1","","-6.7","","54.6","","0.0","","54.6","","","",,"",,""
"1904-11","1904","11","1.8","","-6.5","","-2.4","","11.7","","-16.1","","7.4","","10.2","","17.5","","","",,"",,""
"1904-12","1904","12","-9.8","","-18.6","","-14.2","","2.8","","-28.3","S","0.0","","53.3","","53.3","","","",,"",,""
"1905-01","1905","01","-9.7","","-19.9","","-14.8","","3.3","","-26.7","","0.0","","77.5","","77.5","","","",,"",,""
"1905-02","1905","02","-7.9","","-18.6","","-13.3","","1.1","","-25.6","","0.0","","71.1","","71.1","","","",,"",,""
"1905-03","1905","03","-0.7","","-9.6","","-5.2","","14.4","","-20.0","S","27.4","","10.2","","37.6","","","",,"",,""
"1905-04","1905","04","9.6","","-0.7","","4.5","","","M","","M","24.6","","0.0","","24.6","","","",,"",,""
"1905-05","1905","05","17.1","","6.6","","11.9","","25.6","","-1.7","","81.0","","0.0","","81.0","","","",,"",,""
"1905-06","1905","06","22.6","","11.8","","17.2","","30.0","","3.3","","69.9","","0.0","","69.9","","","",,"",,""
"1905-07","1905","07","","M","","M","","M","","M","","M","","M","0.0","","","M","","",,"",,""
"1905-08","1905","08","","M","","M","","M","","M","","M","","M","","M","","M","","",,"",,""
"1905-09","1905","09","19.3","","9.8","","14.6","","","M","","M","73.4","","0.0","","73.4","","","",,"",,""
"1905-10","1905","10","11.6","","1.1","","6.4","","22.8","","-7.2","","91.4","","0.0","","91.4","","","",,"",,""
"1905-11","1905","11","1.9","","-5.9","","-2.0","","12.2","","-16.7","S","74.2","","40.6","","114.8","","","",,"",,""
"1905-12","1905","12","-3.6","","-11.3","","-7.5","","4.4","","-22.2","","34.0","","16.5","","50.5","","","",,"",,""
"1906-01","1906","01","-2.8","","-13.0","","-7.9","","12.8","","-24.4","","38.4","","10.2","","48.5","","","",,"",,""
"1906-02","1906","02","-5.5","","-16.3","","-10.9","","8.9","","-29.4","","31.5","","22.9","","54.4","","","",,"",,""
"1906-03","1906","03","","M","","M","","M","","M","","M","","M","","M","","M","","",,"",,""
"1906-04","1906","04","","M","","M","","M","","M","","M","","M","","M","","M","","",,"",,""
"1906-05","1906","05","","M","","M","","M","","M","","M","","M","","M","","M","","",,"",,""
"1906-06","1906","06","","M","","M","","M","","M","","M","","M","","M","","M","","",,"",,""
"1906-07","1906","07","","M","","M","","M","","M","","M","","M","","M","","M","","",,"",,""
"1906-08","1906","08","","M","","M","","M","","M","","M","","M","","M","","M","","",,"",,""
"1906-09","1906","09","","M","","M","","M","","M","","M","","M","","M","","M","","",,"",,""
"1906-10","1906","10","","M","","M","","M","","M","","M","","M","","M","","M","","",,"",,""
"1906-11","1906","11","","M","","M","","M","","M","","M","","M","","M","","M","","",,"",,""
"1906-12","1906","12","","M","","M","","M","","M","","M","","M","","M","","M","","",,"",,""
"1907-01","1907","01","","","","","","","","","","","","","","","","","","",,"",,""
"1907-02","1907","02","","","","","","","","","","","","","","","","","","",,"",,""
"1907-03","1907","03","","","","","","","","","","","","","","","","","","",,"",,""
"1907-04","1907","04","","","","","","","","","","","","","","","","","","",,"",,""
"1907-05","1907","05","","","","","","","","","","","","","","","","","","",,"",,""
"1907-06","1907","06","","","","","","","","","","","","","","","","","","",,"",,""
"1907-07","1907","07","","","","","","","","","","","","","","","","","","",,"",,""
"1907-08","1907","08","","","","","","","","","","","","","","","","","","",,"",,""
"1907-09","1907","09","","","","","","","","","","","","","","","","","","",,"",,""
"1907-10","1907","10","","","","","","","","","","","","","","","","","","",,"",,""
"1907-11","1907","11","","","","","","","","","","","","","","","","","","",,"",,""
"1907-12","1907","12","","","","","","","","","","","","","","","","","","",,"",,""
"1908-01","1908","01","","","","","","","","","","","","","","","","","","",,"",,""
"1908-02","1908","02","","","","","","","","","","","","","","","","","","",,"",,""
"1908-03","1908","03","","","","","","","","","","","","","","","","","","",,"",,""
"1908-04","1908","04","","","","","","","","","","","","","","","","","","",,"",,""
"1908-05","1908","05","","","","","","","","","","","","","","","","","","",,"",,""
"1908-06","1908","06","","","","","","","","","","","","","","","","","","",,"",,""
"1908-07","1908","07","","","","","","","","","","","","","","","","","","",,"",,""
"1908-08","1908","08","","","","","","","","","","","","","","","","","","",,"",,""
"1908-09","1908","09","","","","","","","","","","","","","","","","","","",,"",,""
"1908-10","1908","10","","","","","","","","","","","","","","","","","","",,"",,""
"1908-11","1908","11","","","","","","","","","","","","","","","","","","",,"",,""
"1908-12","1908","12","","","","","","","","","","","","","","","","","","",,"",,""
"1909-01","1909","01","","","","","","","","","","","","","","","","","","",,"",,""
"1909-02","1909","02","","","","","","","","","","","","","","","","","","",,"",,""
"1909-03","1909","03","","","","","","","","","","","","","","","","","","",,"",,""
"1909-04","1909","04","","","","","","","","","","","","","","","","","","",,"",,""
"1909-05","1909","05","","","","","","","","","","","","","","","","","","",,"",,""
"1909-06","1909","06","","","","","","","","","","","","","","","","","","",,"",,""
"1909-07","1909","07","","","","","","","","","","","","","","","","","","",,"",,""
"1909-08","1909","08","","","","","","","","","","","","","","","","","","",,"",,""
"1909-09","1909","09","","","","","","","","","","","","","","","","","","",,"",,""
"1909-10","1909","10","","","","","","","","","","","","","","","","","","",,"",,""
"1909-11","1909","11","","","","","","","","","","","","","","","","","","",,"",,""
"1909-12","1909","12","","","","","","","","","","","","","","","","","","",,"",,""
"1910-01","1910","01","","","","","","","","","","","","","","","","","","",,"",,""
"1910-02","1910","02","","","","","","","","","","","","","","","","","","",,"",,""
"1910-03","1910","03","","","","","","","","","","","","","","","","","","",,"",,""
"1910-04","1910","04","","","","","","","","","","","","","","","","","","",,"",,""
"1910-05","1910","05","","","","","","","","","","","","","","","","","","",,"",,""
"1910-06","1910","06","","","","","","","","","","","","","","","","","","",,"",,""
"1910-07","1910","07","","","","","","","","","","","","","","","","","","",,"",,""
"1910-08","1910","08","","","","","","","","","","","","","","","","","","",,"",,""
"1910-09","1910","09","","","","","","","","","","","","","","","","","","",,"",,""
"1910-10","1910","10","","","","","","","","","","","","","","","","","","",,"",,""
"1910-11","1910","11","","","","","","","","","","","","","","","","","","",,"",,""
"1910-12","1910","12","","","","","","","","","","","","","","","","","","",,"",,""
"1911-01","1911","01","","","","","","","","","","","","","","","","","","",,"",,""
"1911-02","1911","02","","","","","","","","","","","","","","","","","","",,"",,""
"1911-03","1911","03","","","","","","","","","","","","","","","","","","",,"",,""
"1911-04","1911","04","","","","","","","","","","","","","","","","","","",,"",,""
"1911-05","1911","05","","","","","","","","","","","","","","","","","","",,"",,""
"1911-06","1911","06","","","","","","","","","","","","","","","","","","",,"",,""
"1911-07","1911","07","","","","","","","","","","","","","","","","","","",,"",,""
"1911-08","1911","08","","","","","","","","","","","","","","","","","","",,"",,""
"1911-09","1911","09","","","","","","","","","","","","","","","","","","",,"",,""
"1911-10","1911","10","","","","","","","","","","","","","","","","","","",,"",,""
"1911-11","1911","11","","","","","","","","","","","","","","","","","","",,"",,""
"1911-12","1911","12","","","","","","","","","","","","","","","","","","",,"",,""
"1912-01","1912","01","","","","","","","","","","","","","","","","","","",,"",,""
"1912-02","1912","02","","","","","","","","","","","","","","","","","","",,"",,""
"1912-03","1912","03","","","","","","","","","","","","","","","","","","",,"",,""
"1912-04","1912","04","","","","","","","","","","","","","","","","","","",,"",,""
"1912-05","1912","05","","","","","","","","","","","","","","","","","","",,"",,""
"1912-06","1912","06","","","","","","","","","","","","","","","","","","",,"",,""
"1912-07","1912","07","","","","","","","","","","","","","","","","","","",,"",,""
"1912-08","1912","08","","","","","","","","","","","","","","","","","","",,"",,""
"1912-09","1912","09","","","","","","","","","","","","","","","","","","",,"",,""
"1912-10","1912","10","","","","","","","","","","","","","","","","","","",,"",,""
"1912-11","1912","11","","","","","","","","","","","","","","","","","","",,"",,""
"1912-12","1912","12","","","","","","","","","","","","","","","","","","",,"",,""
"1913-01","1913","01","","","","","","","","","","","","","","","","","","",,"",,""
"1913-02","1913","02","","","","","","","","","","","","","","","","","","",,"",,""
"1913-03","1913","03","","","","","","","","","","","","","","","","","","",,"",,""
"1913-04","1913","04","","","","","","","","","","","","","","","","","","",,"",,""
"1913-05","1913","05","","","","","","","","","","","","","","","","","","",,"",,""
"1913-06","1913","06","","","","","","","","","","","","","","","","","","",,"",,""
"1913-07","1913","07","","","","","","","","","","","","","","","","","","",,"",,""
"1913-08","1913","08","","","","","","","","","","","","","","","","","","",,"",,""
"1913-09","1913","09","","","","","","","","","","","","","","","","","","",,"",,""
"1913-10","1913","10","","","","","","","","","","","","","","","","","","",,"",,""
"1913-11","1913","11","","","","","","","","","","","","","","","","","","",,"",,""
"1913-12","1913","12","","","","","","","","","","","","","","","","","","",,"",,""
"1914-01","1914","01","","","","","","","","","","","","","","","","","","",,"",,""
"1914-02","1914","02","","","","","","","","","","","","","","","","","","",,"",,""
"1914-03","1914","03","","","","","","","","","","","","","","","","","","",,"",,""
"1914-04","1914","04","","","","","","","","","","","","","","","","","","",,"",,""
"1914-05","1914","05","","","","","","","","","","","","","","","","","","",,"",,""
"1914-06","1914","06","","","","","","","","","","","","","","","","","","",,"",,""
"1914-07","1914","07","","","","","","","","","","","","","","","","","","",,"",,""
"1914-08","1914","08","","","","","","","","","","","","","","","","","","",,"",,""
"1914-09","1914","09","","","","","","","","","","","","","","","","","","",,"",,""
"1914-10","1914","10","","","","","","","","","","","","","","","","","","",,"",,""
"1914-11","1914","11","","","","","","","","","","","","","","","","","","",,"",,""
"1914-12","1914","12","","","","","","","","","","","","","","","","","","",,"",,""
"1915-01","1915","01","","","","","","","","","","","","M","","M","","M","","",,"",,""
"1915-02","1915","02","","","","","","","","","","","","M","","M","","M","","",,"",,""
"1915-03","1915","03","","","","","","","","","","","","M","","M","","M","","",,"",,""
"1915-04","1915","04","","","","","","","","","","","","M","","M","","M","","",,"",,""
"1915-05","1915","05","","","","","","","","","","","","M","","M","","M","","",,"",,""
"1915-06","1915","06","","","","","","","","","","","","M","","M","","M","","",,"",,""
"1915-07","1915","07","","","","","","","","","","","","M","","M","","M","","",,"",,""
"1915-08","1915","08","","","","","","","","","","","","M","","M","","M","","",,"",,""
"1915-09","1915","09","","","","","","","","","","","","M","","M","","M","","",,"",,""
"1915-10","1915","10","","","","","","","","","","","","M","","M","","M","","",,"",,""
"1915-11","1915","11","","","","","","","","","","","","M","","M","","M","","",,"",,""
"1915-12","1915","12","","","","","","","","","","","0.0","","57.9","","57.9","","","",,"",,""
"1916-01","1916","01","","","","","","","","","","","40.9","","34.3","","75.2","","","",,"",,""
"1916-02","1916","02","","","","","","","","","","","9.9","","46.5","","56.4","","","",,"",,""
"1916-03","1916","03","","","","","","","","","","","0.0","","73.7","","73.7","","","",,"",,""
"1916-04","1916","04","","","","","","","","","","","5.3","","36.8","","42.2","","","",,"",,""
"1916-05","1916","05","","","","","","","","","","","79.8","","0.0","","79.8","","","",,"",,""
"1916-06","1916","06","","","","","","","","","","","126.5","","0.0","","126.5","","","",,"",,""
"1916-07","1916","07","","","","","","","","","","","49.0","","0.0","","49.0","","","",,"",,""
"1916-08","1916","08","","","","","","","","","","","11.2","","0.0","","11.2","","","",,"",,""
"1916-09","1916","09","","","","","","","","","","","53.6","","0.0","","53.6","","","",,"",,""
"1916-10","1916","10","","","","","","","","","","","88.4","","0.0","T","88.4","","","",,"",,""
"1916-11","1916","11","","","","","","","","","","","51.1","","5.1","","56.1","","","",,"",,""
"1916-12","1916","12","","","","","","","","","","","25.9","","49.0","","74.9","","","",,"",,""
"1917-01","1917","01","","","","","","","","","","","19.8","","50.8","","70.6","","","",,"",,""
"1917-02","1917","02","","","","","","","","","","","0.0","","35.6","","35.6","","","",,"",,""
"1917-03","1917","03","","","","","","","","","","","2.8","","64.3","","67.1","","","",,"",,""
"1917-04","1917","04","","","","","","","","","","","72.1","","7.6","","79.8","","","",,"",,""
"1917-05","1917","05","","","","","","","","","","","89.9","","0.0","","89.9","","","",,"",,""
"1917-06","1917","06","","","","","","","","","","","78.0","","0.0","","78.0","","","",,"",,""
"1917-07","1917","07","","","","","","","","","","","87.6","","0.0","","87.6","","","",,"",,""
"1917-08","1917","08","","","","","","","","","","","92.2","","0.0","","92.2","","","",,"",,""
"1917-09","1917","09","","","","","","","","","","","36.6","","0.0","","36.6","","","",,"",,""
"1917-10","1917","10","","","","","","","","","","","108.0","","0.0","","108.0","","","",,"",,""
"1917-11","1917","11","","","","","","","","","","","3.6","","13.5","","17.0","","","",,"",,""
"1917-12","1917","12","","","","","","","","","","","0.0","","30.5","","30.5","","","",,"",,""
"1918-01","1918","01","","","","","","","","","","","0.0","","52.1","","52.1","","","",,"",,""
"1918-02","1918","02","","","","","","","","","","","23.6","","57.2","","80.8","","","",,"",,""
"1918-03","1918","03","","","","","","","","","","","0.0","","37.1","","37.1","","","",,"",,""
"1918-04","1918","04","","","","","","","","","","","34.8","","6.4","","41.1","","","",,"",,""
"1918-05","1918","05","","","","","","","","","","","51.8","","0.0","","51.8","","","",,"",,""
"1918-06","1918","06","","","","","","","","","","","83.1","","0.0","","83.1","","","",,"",,""
"1918-07","1918","07","","","","","","","","","","","81.3","","0.0","","81.3","","","",,"",,""
"1918-08","1918","08","","","","","","","","","","","47.5","","0.0","","47.5","","","",,"",,""
"1918-09","1918","09","","","","","","","","","","","190.8","","0.0","","190.8","","","",,"",,""
"1918-10","1918","10","","","","","","","","","","","158.2","","0.0","","158.2","","","",,"",,""
"1918-11","1918","11","","","","","","","","","","","50.8","","27.9","","78.7","","","",,"",,""
"1918-12","1918","12","","","","","","","","","","","40.1","","22.9","","63.0","","","",,"",,""
"1919-01","1919","01","","","","","","","","","","","7.9","","43.9","","51.8","","","",,"",,""
"1919-02","1919","02","","","","","","","","","","","0.0","","33.0","","33.0","","","",,"",,""
"1919-03","1919","03","","","","","","","","","","","25.4","","57.2","","82.6","","","",,"",,""
"1919-04","1919","04","","","","","","","","","","","53.3","","15.2","","68.6","","","",,"",,""
"1919-05","1919","05","","","","","","","","","","","105.7","","0.0","","105.7","","","",,"",,""
"1919-06","1919","06","","","","","","","","","","","54.1","","0.0","","54.1","","","",,"",,""
"1919-07","1919","07","","","","","","","","","","","132.1","","0.0","","132.1","","","",,"",,""
"1919-08","1919","08","","","","","","","","","","","31.8","","0.0","","31.8","","","",,"",,""
"1919-09","1919","09","","","","","","","","","","","89.9","","0.0","","89.9","","","",,"",,""
"1919-10","1919","10","","","","","","","","","","","162.1","","0.0","","162.1","","","",,"",,""
"1919-11","1919","11","","","","","","","","","","","28.7","","21.1","","49.8","","","",,"",,""
"1919-12","1919","12","","","","","","","","","","","0.0","","16.5","","16.5","","","",,"",,""
"1920-01","1920","01","","","","","","","","","","","0.0","","46.5","","46.5","","","",,"",,""
"1920-02","1920","02","","","","","","","","","","","0.0","","81.3","","81.3","","","",,"",,""
"1920-03","1920","03","","","","","","","","","","","29.7","","10.9","","40.6","","","",,"",,""
"1920-04","1920","04","","","","","","","","","","","67.1","","2.5","","69.6","","","",,"",,""
"1920-05","1920","05","","","","","","","","","","","48.8","","0.0","","48.8","","","",,"",,""
"1920-06","1920","06","","","","","","","","","","","31.8","","0.0","","31.8","","","",,"",,""
"1920-07","1920","07","","","","","","","","","","","25.4","","0.0","","25.4","","","",,"",,""
"1920-08","1920","08","","","","","","","","","","","12.4","","0.0","","12.4","","","",,"",,""
"1920-09","1920","09","","","","","","","","","","","66.0","","0.0","","66.0","","","",,"",,""
"1920-10","1920","10","","","","","","","","","","","69.6","","0.0","","69.6","","","",,"",,""
"1920-11","1920","11","","","","","","","","","","","49.8","","41.9","","91.7","","","",,"",,""
"1920-12","1920","12","","","","","","","","","","","59.7","","30.7","","90.4","","","",,"",,""
"1921-01","1921","01","","","","","","","","","","","0.0","","15.2","","15.2","","","",,"",,""
"1921-02","1921","02","","","","","","","","","","","0.0","","28.7","","28.7","","","",,"",,""
"1921-03","1921","03","","","","","","","","","","","48.5","","10.9","","59.4","","","",,"",,""
"1921-04","1921","04","","","","","","","","","","","19.6","","1.3","","20.8","","","",,"",,""
"1921-05","1921","05","","","","","","","","","","","25.4","","0.0","","25.4","","","",,"",,""
"1921-06","1921","06","","","","","","","","","","","48.0","","0.0","","48.0","","","",,"",,""
"1921-07","1921","07","","","","","","","","","","","43.2","","0.0","","43.2","","","",,"",,""
"1921-08","1921","08","","","","","","","","","","","30.2","","0.0","","30.2","","","",,"",,""
"1921-09","1921","09","","","","","","","","","","","27.9","","0.0","","27.9","","","",,"",,""
"1921-10","1921","10","","","","","","","","","","","47.8","","0.0","","47.8","","","",,"",,""
"1921-11","1921","11","","","","","","","","","","","19.3","","45.2","","64.5","","","",,"",,""
"1921-12","1921","12","","","","","","","","","","","17.3","","20.3","","37.6","","","",,"",,""
"1922-01","1922","01","","","","","","","","","","","0.0","","28.7","","28.7","","","",,"",,""
"1922-02","1922","02","","","","","","","","","","","0.0","","35.6","","35.6","","","",,"",,""
"1922-03","1922","03","","","","","","","","","","","13.2","","26.7","","39.9","","","",,"",,""
"1922-04","1922","04","","","","","","","","","","","102.4","","22.9","","125.2","","","",,"",,""
"1922-05","1922","05","","","","","","","","","","","50.8","","0.0","","50.8","","","",,"",,""
"1922-06","1922","06","","","","","","","","","","","134.1","","0.0","","134.1","","","",,"",,""
"1922-07","1922","07","","","","","","","","","","","58.2","","0.0","","58.2","","","",,"",,""
"1922-08","1922","08","","","","","","","","","","","55.6","","0.0","","55.6","","","",,"",,""
"1922-09","1922","09","","","","","","","","","","","25.7","","0.0","","25.7","","","",,"",,""
"1922-10","1922","10","","","","","","","","","","","42.7","","13.0","","55.6","","","",,"",,""
"1922-11","1922","11","","","","","","","","","","","31.0","","7.6","","38.6","","","",,"",,""
"1922-12","1922","12","","","","","","","","","","","12.2","","29.2","","41.4","","","",,"",,""
"1923-01","1923","01","","","","","","","","","","","1.5","","36.8","","38.4","","","",,"",,""
"1923-02","1923","02","","","","","","","","","","","0.0","","35.6","","35.6","","","",,"",,""
"1923-03","1923","03","","","","","","","","","","","0.0","","26.9","","26.9","","","",,"",,""
"1923-04","1923","04","","","","","","","","","","","63.5","","3.8","","67.3","","","",,"",,""
"1923-05","1923","05","","","","","","","","","","","38.9","","0.0","","38.9","","","",,"",,""
"1923-06","1923","06","","","","","","","","","","","84.3","","0.0","","84.3","","","",,"",,""
"1923-07","1923","07","","","","","","","","","","","46.5","","0.0","","46.5","","","",,"",,""
"1923-08","1923","08","","","","","","","","","","","","M","","M","","M","","",,"",,""
"1923-09","1923","09","","","","","","","","","","","","M","","M","","M","","",,"",,""
"1923-10","1923","10","","","","","","","","","","","","M","","M","","M","","",,"",,""
"1923-11","1923","11","","","","","","","","","","","","M","","M","","M","","",,"",,""
"1923-12","1923","12","","","","","","","","","","","","M","","M","","M","","",,"",,""
"1924-01","1924","01","","","","","","","","","","","21.6","","50.8","","72.4","","","",,"",,""
"1924-02","1924","02","","","","","","","","","","","0.0","","43.2","","43.2","","","",,"",,""
"1924-03","1924","03","","","","","","","","","","","6.4","","14.0","","20.3","","","",,"",,""
"1924-04","1924","04","","","","","","","","","","","64.5","","26.2","","90.7","","","",,"",,""
"1924-05","1924","05","","","","","","","","","","","125.7","","0.0","","125.7","","","",,"",,""
"1924-06","1924","06","","","","","","","","","","","89.7","","0.0","","89.7","","","",,"",,""
"1924-07","1924","07","","","","","","","","","","","70.6","","0.0","","70.6","","","",,"",,""
"1924-08","1924","08","","","","","","","","","","","74.9","","0.0","","74.9","","","",,"",,""
"1924-09","1924","09","","","","","","","","","","","","M","","M","","M","","",,"",,""
"1924-10","1924","10","","","","","","","","","","","20.1","","0.0","","20.1","","","",,"",,""
"1924-11","1924","11","","","","","","","","","","","","M","","M","","M","","",,"",,""
"1924-12","1924","12","","","","","","","","","","","21.8","","31.8","","53.6","","","",,"",,""
"1925-01","1925","01","","","","","","","","","","","0.0","","54.6","","54.6","","","",,"",,""
"1925-02","1925","02","","","","","","","","","","","28.2","","11.4","","39.6","","","",,"",,""
"1925-03","1925","03","","","","","","","","","","","15.7","","30.5","","46.2","","","",,"",,""
"1925-04","1925","04","","","","","","","","","","","28.7","","2.5","","31.2","","","",,"",,""
"1925-05","1925","05","","","","","","","","","","","42.9","","0.0","","42.9","","","",,"",,""
"1925-06","1925","06","","","","","","","","","","","93.5","","0.0","","93.5","","","",,"",,""
"1925-07","1925","07","","","","","","","","","","","","M","","M","","M","","",,"",,""
"1925-08","1925","08","","","","","","","","","","","","M","","M","","M","","",,"",,""
"1925-09","1925","09","","","","","","","","","","","","M","","M","","M","","",,"",,""
"1925-10","1925","10","","","","","","","","","","","","M","","M","","M","","",,"",,""
"1925-11","1925","11","","","","","","","","","","","","M","","M","","M","","",,"",,""
"1925-12","1925","12","","","","","","","","","","","","M","","M","","M","","",,"",,""
"1926-01","1926","01","","","","","","","","","","","","","","","","","","",,"",,""
"1926-02","1926","02","","","","","","","","","","","","","","","","","","",,"",,""
"1926-03","1926","03","","","","","","","","","","","","","","","","","","",,"",,""
"1926-04","1926","04","","","","","","","","","","","","","","","","","","",,"",,""
"1926-05","1926","05","","","","","","","","","","","","","","","","","","",,"",,""
"1926-06","1926","06","","","","","","","","","","","","","","","","","","",,"",,""
"1926-07","1926","07","","","","","","","","","","","","","","","","","","",,"",,""
"1926-08","1926","08","","","","","","","","","","","","","","","","","","",,"",,""
"1926-09","1926","09","","","","","","","","","","","","","","","","","","",,"",,""
"1926-10","1926","10","","","","","","","","","","","","","","","","","","",,"",,""
"1926-11","1926","11","","","","","","","","","","","","","","","","","","",,"",,""
"1926-12","1926","12","","","","","","","","","","","","","","","","","","",,"",,""
"1927-01","1927","01","","","","","","","","","","","","","","","","","","",,"",,""
"1927-02","1927","02","","","","","","","","","","","","","","","","","","",,"",,""
"1927-03","1927","03","","","","","","","","","","","","","","","","","","",,"",,""
"1927-04","1927","04","","","","","","","","","","","","","","","","","","",,"",,""
"1927-05","1927","05","","","","","","","","","","","","","","","","","","",,"",,""
"1927-06","1927","06","","","","","","","","","","","","","","","","","","",,"",,""
"1927-07","1927","07","","","","","","","","","","","","","","","","","","",,"",,""
"1927-08","1927","08","","","","","","","","","","","","","","","","","","",,"",,""
"1927-09","1927","09","","","","","","","","","","","","","","","","","","",,"",,""
"1927-10","1927","10","","","","","","","","","","","","","","","","","","",,"",,""
"1927-11","1927","11","","","","","","","","","","","","","","","","","","",,"",,""
"1927-12","1927","12","","","","","","","","","","","","","","","","","","",,"",,""
"1928-01","1928","01","","","","","","","","","","","","","","","","","","",,"",,""
"1928-02","1928","02","","","","","","","","","","","","","","","","","","",,"",,""
"1928-03","1928","03","","","","","","","","","","","","","","","","","","",,"",,""
"1928-04","1928","04","","","","","","","","","","","","","","","","","","",,"",,""
"1928-05","1928","05","","","","","","","","","","","","","","","","","","",,"",,""
"1928-06","1928","06","","","","","","","","","","","","","","","","","","",,"",,""
"1928-07","1928","07","","","","","","","","","","","","","","","","","","",,"",,""
"1928-08","1928","08","","","","","","","","","","","","","","","","","","",,"",,""
"1928-09","1928","09","","","","","","","","","","","","","","","","","","",,"",,""
"1928-10","1928","10","","","","","","","","","","","","","","","","","","",,"",,""
"1928-11","1928","11","","","","","","","","","","","","","","","","","","",,"",,""
"1928-12","1928","12","","","","","","","","","","","","","","","","","","",,"",,""
"1929-01","1929","01","","","","","","","","","","","","","","","","","","",,"",,""
"1929-02","1929","02","","","","","","","","","","","","","","","","","","",,"",,""
"1929-03","1929","03","","","","","","","","","","","","","","","","","","",,"",,""
"1929-04","1929","04","","","","","","","","","","","","","","","","","","",,"",,""
"1929-05","1929","05","","","","","","","","","","","","","","","","","","",,"",,""
"1929-06","1929","06","","","","","","","","","","","","","","","","","","",,"",,""
"1929-07","1929","07","","","","","","","","","","","","","","","","","","",,"",,""
"1929-08","1929","08","","","","","","","","","","","","","","","","","","",,"",,""
"1929-09","1929","09","","","","","","","","","","","","","","","","","","",,"",,""
"1929-10","1929","10","","","","","","","","","","","","","","","","","","",,"",,""
"1929-11","1929","11","","","","","","","","","","","","","","","","","","",,"",,""
"1929-12","1929","12","","","","","","","","","","","","","","","","","","",,"",,""
"1930-01","1930","01","","","","","","","","","","","","","","","","","","",,"",,""
"1930-02","1930","02","","","","","","","","","","","","","","","","","","",,"",,""
"1930-03","1930","03","","","","","","","","","","","","","","","","","","",,"",,""
"1930-04","1930","04","","","","","","","","","","","","","","","","","","",,"",,""
"1930-05","1930","05","","","","","","","","","","","","","","","","","","",,"",,""
"1930-06","1930","06","","","","","","","","","","","","","","","","","","",,"",,""
"1930-07","1930","07","","","","","","","","","","","","","","","","","","",,"",,""
"1930-08","1930","08","","","","","","","","","","","","","","","","","","",,"",,""
"1930-09","1930","09","","","","","","","","","","","","","","","","","","",,"",,""
"1930-10","1930","10","","","","","","","","","","","","","","","","","","",,"",,""
"1930-11","1930","11","","","","","","","","","","","","","","","","","","",,"",,""
"1930-12","1930","12","","","","","","","","","","","","","","","","","","",,"",,""
"1931-01","1931","01","","","","","","","","","","","","","","","","","","",,"",,""
"1931-02","1931","02","","","","","","","","","","","","","","","","","","",,"",,""
"1931-03","1931","03","","","","","","","","","","","","","","","","","","",,"",,""
"1931-04","1931","04","","","","","","","","","","","","","","","","","","",,"",,""
"1931-05","1931","05","","","","","","","","","","","","","","","","","","",,"",,""
"1931-06","1931","06","","","","","","","","","","","","","","","","","","",,"",,""
"1931-07","1931","07","","","","","","","","","","","","","","","","","","",,"",,""
"1931-08","1931","08","","","","","","","","","","","","","","","","","","",,"",,""
"1931-09","1931","09","","","","","","","","","","","","","","","","","","",,"",,""
"1931-10","1931","10","","","","","","","","","","","","","","","","","","",,"",,""
"1931-11","1931","11","","","","","","","","","","","","","","","","","","",,"",,""
"1931-12","1931","12","","","","","","","","","","","","","","","","","","",,"",,""
"1932-01","1932","01","","","","","","","","","","","","","","","","","","",,"",,""
"1932-02","1932","02","","","","","","","","","","","","","","","","","","",,"",,""
"1932-03","1932","03","","","","","","","","","","","","","","","","","","",,"",,""
"1932-04","1932","04","","","","","","","","","","","","","","","","","","",,"",,""
"1932-05","1932","05","","","","","","","","","","","","","","","","","","",,"",,""
"1932-06","1932","06","","","","","","","","","","","","","","","","","","",,"",,""
"1932-07","1932","07","","","","","","","","","","","","","","","","","","",,"",,""
"1932-08","1932","08","","","","","","","","","","","","","","","","","","",,"",,""
"1932-09","1932","09","","","","","","","","","","","","","","","","","","",,"",,""
"1932-10","1932","10","","","","","","","","","","","","","","","","","","",,"",,""
"1932-11","1932","11","","","","","","","","","","","","","","","","","","",,"",,""
"1932-12","1932","12","","","","","","","","","","","","","","","","","","",,"",,""
"1933-01","1933","01","","","","","","","","","","","","","","","","","","",,"",,""
"1933-02","1933","02","","","","","","","","","","","","","","","","","","",,"",,""
"1933-03","1933","03","","","","","","","","","","","","","","","","","","",,"",,""
"1933-04","1933","04","","","","","","","","","","","","","","","","","","",,"",,""
"1933-05","1933","05","","","","","","","","","","","","","","","","","","",,"",,""
"1933-06","1933","06","","","","","","","","","","","","","","","","","","",,"",,""
"1933-07","1933","07","","","","","","","","","","","","","","","","","","",,"",,""
"1933-08","1933","08","","","","","","","","","","","","","","","","","","",,"",,""
"1933-09","1933","09","","","","","","","","","","","","","","","","","","",,"",,""
"1933-10","1933","10","","","","","","","","","","","","","","","","","","",,"",,""
"1933-11","1933","11","","","","","","","","","","","","","","","","","","",,"",,""
"1933-12","1933","12","","","","","","","","","","","","","","","","","","",,"",,""
"1934-01","1934","01","","","","","","","","","","","","","","","","","","",,"",,""
"1934-02","1934","02","","","","","","","","","","","","","","","","","","",,"",,""
"1934-03","1934","03","","","","","","","","","","","","","","","","","","",,"",,""
"1934-04","1934","04","","","","","","","","","","","","","","","","","","",,"",,""
"1934-05","1934","05","","","","","","","","","","","","","","","","","","",,"",,""
"1934-06","1934","06","","","","","","","","","","","","","","","","","","",,"",,""
"1934-07","1934","07","","","","","","","","","","","","","","","","","","",,"",,""
"1934-08","1934","08","","","","","","","","","","","","","","","","","","",,"",,""
"1934-09","1934","09","","","","","","","","","","","","","","","","","","",,"",,""
"1934-10","1934","10","","","","","","","","","","","","","","","","","","",,"",,""
"1934-11","1934","11","","","","","","","","","","","","","","","","","","",,"",,""
"1934-12","1934","12","","","","","","","","","","","","","","","","","","",,"",,""
"1935-01","1935","01","","","","","","","","","","","","","","","","","","",,"",,""
"1935-02","1935","02","","","","","","","","","","","","","","","","","","",,"",,""
"1935-03","1935","03","","","","","","","","","","","","","","","","","","",,"",,""
"1935-04","1935","04","","","","","","","","","","","","","","","","","","",,"",,""
"1935-05","1935","05","","","","","","","","","","","","","","","","","","",,"",,""
"1935-06","1935","06","","","","","","","","","","","","","","","","","","",,"",,""
"1935-07","1935","07","","","","","","","","","","","","","","","","","","",,"",,""
"1935-08","1935","08","","","","","","","","","","","","","","","","","","",,"",,""
"1935-09","1935","09","","","","","","","","","","","","","","","","","","",,"",,""
"1935-10","1935","10","","","","","","","","","","","","","","","","","","",,"",,""
"1935-11","1935","11","","","","","","","","","","","","","","","","","","",,"",,""
"1935-12","1935","12","","","","","","","","","","","","","","","","","","",,"",,""
"1936-01","1936","01","","","","","","","","","","","","","","","","","","",,"",,""
"1936-02","1936","02","","","","","","","","","","","","","","","","","","",,"",,""
"1936-03","1936","03","","","","","","","","","","","","","","","","","","",,"",,""
"1936-04","1936","04","","","","","","","","","","","","","","","","","","",,"",,""
"1936-05","1936","05","","","","","","","","","","","","","","","","","","",,"",,""
"1936-06","1936","06","","","","","","","","","","","","","","","","","","",,"",,""
"1936-07","1936","07","","","","","","","","","","","","","","","","","","",,"",,""
"1936-08","1936","08","","","","","","","","","","","","","","","","","","",,"",,""
"1936-09","1936","09","","","","","","","","","","","","","","","","","","",,"",,""
"1936-10","1936","10","","","","","","","","","","","","","","","","","","",,"",,""
"1936-11","1936","11","","","","","","","","","","","","","","","","","","",,"",,""
"1936-12","1936","12","","","","","","","","","","","","","","","","","","",,"",,""
"1937-01","1937","01","","","","","","","","","","","","","","","","","","",,"",,""
"1937-02","1937","02","","","","","","","","","","","","","","","","","","",,"",,""
"1937-03","1937","03","","","","","","","","","","","","","","","","","","",,"",,""
"1937-04","1937","04","","","","","","","","","","","","","","","","","","",,"",,""
"1937-05","1937","05","","","","","","","","","","","","","","","","","","",,"",,""
"1937-06","1937","06","","","","","","","","","","","","","","","","","","",,"",,""
"1937-07","1937","07","","","","","","","","","","","","","","","","","","",,"",,""
"1937-08","1937","08","","","","","","","","","","","","","","","","","","",,"",,""
"1937-09","1937","09","","","","","","","","","","","","","","","","","","",,"",,""
"1937-10","1937","10","","","","","","","","","","","","","","","","","","",,"",,""
"1937-11","1937","11","","","","","","","","","","","","","","","","","","",,"",,""
"1937-12","1937","12","","","","","","","","","","","","","","","","","","",,"",,""
"1938-01","1938","01","","","","","","","","","","","","","","","","","","",,"",,""
"1938-02","1938","02","","","","","","","","","","","","","","","","","","",,"",,""
"1938-03","1938","03","","","","","","","","","","","","","","","","","","",,"",,""
"1938-04","1938","04","","","","","","","","","","","","","","","","","","",,"",,""
"1938-05","1938","05","","","","","","","","","","","","","","","","","","",,"",,""
"1938-06","1938","06","","","","","","","","","","","","","","","","","","",,"",,""
"1938-07","1938","07","","","","","","","","","","","","","","","","","","",,"",,""
"1938-08","1938","08","","","","","","","","","","","","","","","","","","",,"",,""
"1938-09","1938","09","","","","","","","","","","","","","","","","","","",,"",,""
"1938-10","1938","10","","","","","","","","","","","","","","","","","","",,"",,""
"1938-11","1938","11","","","","","","","","","","","","","","","","","","",,"",,""
"1938-12","1938","12","","","","","","","","","","","","","","","","","","",,"",,""
"1939-01","1939","01","","","","","","","","","","","","","","","","","","",,"",,""
"1939-02","1939","02","","","","","","","","","","","","","","","","","","",,"",,""
"1939-03","1939","03","","","","","","","","","","","","","","","","","","",,"",,""
"1939-04","1939","04","","","","","","","","","","","","","","","","","","",,"",,""
"1939-05","1939","05","","","","","","","","","","","","","","","","","","",,"",,""
"1939-06","1939","06","","","","","","","","","","","","","","","","","","",,"",,""
"1939-07","1939","07","","","","","","","","","","","","","","","","","","",,"",,""
"1939-08","1939","08","","","","","","","","","","","","","","","","","","",,"",,""
"1939-09","1939","09","","","","","","","","","","","","","","","","","","",,"",,""
"1939-10","1939","10","","","","","","","","","","","","","","","","","","",,"",,""
"1939-11","1939","11","","","","","","","","","","","","","","","","","","",,"",,""
"1939-12","1939","12","","","","","","","","","","","","","","","","","","",,"",,""
"1940-01","1940","01","","","","","","","","","","","","","","","","","","",,"",,""
"1940-02","1940","02","","","","","","","","","","","","","","","","","","",,"",,""
"1940-03","1940","03","","","","","","","","","","","","","","","","","","",,"",,""
"1940-04","1940","04","","","","","","","","","","","","","","","","","","",,"",,""
"1940-05","1940","05","","","","","","","","","","","","","","","","","","",,"",,""
"1940-06","1940","06","","","","","","","","","","","","","","","","","","",,"",,""
"1940-07","1940","07","","","","","","","","","","","","","","","","","","",,"",,""
"1940-08","1940","08","","","","","","","","","","","","","","","","","","",,"",,""
"1940-09","1940","09","","","","","","","","","","","","","","","","","","",,"",,""
"1940-10","1940","10","","","","","","","","","","","","","","","","","","",,"",,""
"1940-11","1940","11","","","","","","","","","","","","","","","","","","",,"",,""
"1940-12","1940","12","","","","","","","","","","","","","","","","","","",,"",,""
"1941-01","1941","01","","","","","","","","","","","","","","","","","","",,"",,""
"1941-02","1941","02","","","","","","","","","","","","","","","","","","",,"",,""
"1941-03","1941","03","","","","","","","","","","","","","","","","","","",,"",,""
"1941-04","1941","04","","","","","","","","","","","","","","","","","","",,"",,""
"1941-05","1941","05","","","","","","","","","","","","","","","","","","",,"",,""
"1941-06","1941","06","","","","","","","","","","","","","","","","","","",,"",,""
"1941-07","1941","07","","","","","","","","","","","","","","","","","","",,"",,""
"1941-08","1941","08","","","","","","","","","","","","","","","","","","",,"",,""
"1941-09","1941","09","","","","","","","","","","","","","","","","","","",,"",,""
"1941-10","1941","10","","","","","","","","","","","","","","","","","","",,"",,""
"1941-11","1941","11","","","","","","","","","","","","","","","","","","",,"",,""
"1941-12","1941","12","","","","","","","","","","","","","","","","","","",,"",,""
"1942-01","1942","01","","","","","","","","","","","","","","","","","","",,"",,""
"1942-02","1942","02","","","","","","","","","","","","","","","","","","",,"",,""
"1942-03","1942","03","","","","","","","","","","","","","","","","","","",,"",,""
"1942-04","1942","04","","","","","","","","","","","","","","","","","","",,"",,""
"1942-05","1942","05","","","","","","","","","","","","","","","","","","",,"",,""
"1942-06","1942","06","","","","","","","","","","","","","","","","","","",,"",,""
"1942-07","1942","07","","","","","","","","","","","","","","","","","","",,"",,""
"1942-08","1942","08","","","","","","","","","","","","","","","","","","",,"",,""
"1942-09","1942","09","","","","","","","","","","","","","","","","","","",,"",,""
"1942-10","1942","10","","","","","","","","","","","","","","","","","","",,"",,""
"1942-11","1942","11","","","","","","","","","","","","","","","","","","",,"",,""
"1942-12","1942","12","","","","","","","","","","","","","","","","","","",,"",,""
"1943-01","1943","01","","","","","","","","","","","","","","","","","","",,"",,""
"1943-02","1943","02","","","","","","","","","","","","","","","","","","",,"",,""
"1943-03","1943","03","","","","","","","","","","","","","","","","","","",,"",,""
"1943-04","1943","04","","","","","","","","","","","","","","","","","","",,"",,""
"1943-05","1943","05","","","","","","","","","","","","","","","","","","",,"",,""
"1943-06","1943","06","","","","","","","","","","","","","","","","","","",,"",,""
"1943-07","1943","07","","","","","","","","","","","","","","","","","","",,"",,""
"1943-08","1943","08","","","","","","","","","","","","","","","","","","",,"",,""
"1943-09","1943","09","","","","","","","","","","","","","","","","","","",,"",,""
"1943-10","1943","10","","","","","","","","","","","","","","","","","","",,"",,""
"1943-11","1943","11","","","","","","","","","","","","","","","","","","",,"",,""
"1943-12","1943","12","","","","","","","","","","","","","","","","","","",,"",,""
"1944-01","1944","01","","","","","","","","","","","","","","","","","","",,"",,""
"1944-02","1944","02","","","","","","","","","","","","","","","","","","",,"",,""
"1944-03","1944","03","","","","","","","","","","","","","","","","","","",,"",,""
"1944-04","1944","04","","","","","","","","","","","","","","","","","","",,"",,""
"1944-05","1944","05","","","","","","","","","","","","","","","","","","",,"",,""
"1944-06","1944","06","","","","","","","","","","","","","","","","","","",,"",,""
"1944-07","1944","07","","","","","","","","","","","","","","","","","","",,"",,""
"1944-08","1944","08","","","","","","","","","","","","","","","","","","",,"",,""
"1944-09","1944","09","","","","","","","","","","","","","","","","","","",,"",,""
"1944-10","1944","10","","","","","","","","","","","","","","","","","","",,"",,""
"1944-11","1944","11","","","","","","","","","","","","","","","","","","",,"",,""
"1944-12","1944","12","","","","","","","","","","","","","","","","","","",,"",,""
"1945-01","1945","01","","","","","","","","","","","","","","","","","","",,"",,""
"1945-02","1945","02","","","","","","","","","","","","","","","","","","",,"",,""
"1945-03","1945","03","","","","","","","","","","","","","","","","","","",,"",,""
"1945-04","1945","04","","","","","","","","","","","","","","","","","","",,"",,""
"1945-05","1945","05","","","","","","","","","","","","","","","","","","",,"",,""
"1945-06","1945","06","","","","","","","","","","","","","","","","","","",,"",,""
"1945-07","1945","07","","","","","","","","","","","","","","","","","","",,"",,""
"1945-08","1945","08","","","","","","","","","","","","","","","","","","",,"",,""
"1945-09","1945","09","","","","","","","","","","","","","","","","","","",,"",,""
"1945-10","1945","10","","","","","","","","","","","","","","","","","","",,"",,""
"1945-11","1945","11","","","","","","","","","","","","","","","","","","",,"",,""
"1945-12","1945","12","","","","","","","","","","","","","","","","","","",,"",,""
"1946-01","1946","01","","","","","","","","","","","","","","","","","","",,"",,""
"1946-02","1946","02","","","","","","","","","","","","","","","","","","",,"",,""
"1946-03","1946","03","","","","","","","","","","","","","","","","","","",,"",,""
"1946-04","1946","04","","","","","","","","","","","","","","","","","","",,"",,""
"1946-05","1946","05","","","","","","","","","","","","","","","","","","",,"",,""
"1946-06","1946","06","","","","","","","","","","","","","","","","","","",,"",,""
"1946-07","1946","07","","","","","","","","","","","","","","","","","","",,"",,""
"1946-08","1946","08","","","","","","","","","","","","","","","","","","",,"",,""
"1946-09","1946","09","","","","","","","","","","","","","","","","","","",,"",,""
"1946-10","1946","10","","","","","","","","","","","","","","","","","","",,"",,""
"1946-11","1946","11","","","","","","","","","","","","","","","","","","",,"",,""
"1946-12","1946","12","","","","","","","","","","","","","","","","","","",,"",,""
"1947-01","1947","01","","","","","","","","","","","","","","","","","","",,"",,""
"1947-02","1947","02","","","","","","","","","","","","","","","","","","",,"",,""
"1947-03","1947","03","","","","","","","","","","","","","","","","","","",,"",,""
"1947-04","1947","04","","","","","","","","","","","","","","","","","","",,"",,""
"1947-05","1947","05","","","","","","","","","","","","","","","","","","",,"",,""
"1947-06","1947","06","","","","","","","","","","","","","","","","","","",,"",,""
"1947-07","1947","07","","","","","","","","","","","","","","","","","","",,"",,""
"1947-08","1947","08","","","","","","","","","","","","","","","","","","",,"",,""
"1947-09","1947","09","","","","","","","","","","","","","","","","","","",,"",,""
"1947-10","1947","10","","","","","","","","","","","","","","","","","","",,"",,""
"1947-11","1947","11","","","","","","","","","","","","","","","","","","",,"",,""
"1947-12","1947","12","","","","","","","","","","","","","","","","","","",,"",,""
"1948-01","1948","01","","","","","","","","","","","","","","","","","","",,"",,""
"1948-02","1948","02","","","","","","","","","","","","","","","","","","",,"",,""
"1948-03","1948","03","","","","","","","","","","","","","","","","","","",,"",,""
"1948-04","1948","04","","","","","","","","","","","","","","","","","","",,"",,""
"1948-05","1948","05","","","","","","","","","","","","","","","","","","",,"",,""
"1948-06","1948","06","","","","","","","","","","","","","","","","","","",,"",,""
"1948-07","1948","07","","","","","","","","","","","","","","","","","","",,"",,""
"1948-08","1948","08","","","","","","","","","","","","","","","","","","",,"",,""
"1948-09","1948","09","","","","","","","","","","","","","","","","","","",,"",,""
"1948-10","1948","10","","","","","","","","","","","","","","","","","","",,"",,""
"1948-11","1948","11","","","","","","","","","","","","","","","","","","",,"",,""
"1948-12","1948","12","","","","","","","","","","","","","","","","","","",,"",,""
"1949-01","1949","01","","","","","","","","","","","","","","","","","","",,"",,""
"1949-02","1949","02","","","","","","","","","","","","","","","","","","",,"",,""
"1949-03","1949","03","","","","","","","","","","","","","","","","","","",,"",,""
"1949-04","1949","04","","","","","","","","","","","","","","","","","","",,"",,""
"1949-05","1949","05","","","","","","","","","","","","","","","","","","",,"",,""
"1949-06","1949","06","","","","","","","","","","","","","","","","","","",,"",,""
"1949-07","1949","07","","","","","","","","","","","","","","","","","","",,"",,""
"1949-08","1949","08","","","","","","","","","","","","","","","","","","",,"",,""
"1949-09","1949","09","","","","","","","","","","","","","","","","","","",,"",,""
"1949-10","1949","10","","","","","","","","","","","","","","","","","","",,"",,""
"1949-11","1949","11","","","","","","","","","","","","","","","","","","",,"",,""
"1949-12","1949","12","","","","","","","","","","","","","","","","","","",,"",,""
"1950-01","1950","01","","","","","","","","","","","","","","","","","","",,"",,""
"1950-02","1950","02","","","","","","","","","","","","","","","","","","",,"",,""
"1950-03","1950","03","","","","","","","","","","","","","","","","","","",,"",,""
"1950-04","1950","04","","","","","","","","","","","","","","","","","","",,"",,""
"1950-05","1950","05","","","","","","","","","","","","","","","","","","",,"",,""
"1950-06","1950","06","","","","","","","","","","","","","","","","","","",,"",,""
"1950-07","1950","07","","","","","","","","","","","","","","","","","","",,"",,""
"1950-08","1950","08","","","","","","","","","","","","","","","","","","",,"",,""
"1950-09","1950","09","","","","","","","","","","","","","","","","","","",,"",,""
"1950-10","1950","10","","","","","","","","","","","","","","","","","","",,"",,""
"1950-11","1950","11","","","","","","","","","","","","","","","","","","",,"",,""
"1950-12","1950","12","","","","","","","","","","","","","","","","","","",,"",,""
"1951-01","1951","01","","","","","","","","","","","","","","","","","","",,"",,""
"1951-02","1951","02","","","","","","","","","","","","","","","","","","",,"",,""
"1951-03","1951","03","","","","","","","","","","","","","","","","","","",,"",,""
"1951-04","1951","04","","","","","","","","","","","","","","","","","","",,"",,""
"1951-05","1951","05","","","","","","","","","","","","","","","","","","",,"",,""
"1951-06","1951","06","","","","","","","","","","","","","","","","","","",,"",,""
"1951-07","1951","07","","","","","","","","","","","","","","","","","","",,"",,""
"1951-08","1951","08","","","","","","","","","","","","","","","","","","",,"",,""
"1951-09","1951","09","","","","","","","","","","","","","","","","","","",,"",,""
"1951-10","1951","10","","","","","","","","","","","","","","","","","","",,"",,""
"1951-11","1951","11","","","","","","","","","","","","","","","","","","",,"",,""
"1951-12","1951","12","","","","","","","","","","","","","","","","","","",,"",,""
"1952-01","1952","01","","","","","","","","","","","","","","","","","","",,"",,""
"1952-02","1952","02","","","","","","","","","","","","","","","","","","",,"",,""
"1952-03","1952","03","","","","","","","","","","","","","","","","","","",,"",,""
"1952-04","1952","04","","","","","","","","","","","","","","","","","","",,"",,""
"1952-05","1952","05","","","","","","","","","","","","","","","","","","",,"",,""
"1952-06","1952","06","","","","","","","","","","","","","","","","","","",,"",,""
"1952-07","1952","07","","","","","","","","","","","","","","","","","","",,"",,""
"1952-08","1952","08","","","","","","","","","","","","","","","","","","",,"",,""
"1952-09","1952","09","","","","","","","","","","","","","","","","","","",,"",,""
"1952-10","1952","10","","","","","","","","","","","","","","","","","","",,"",,""
"1952-11","1952","11","","","","","","","","","","","","","","","","","","",,"",,""
"1952-12","1952","12","","","","","","","","","","","","","","","","","","",,"",,""
"1953-01","1953","01","","","","","","","","","","","","","","","","","","",,"",,""
"1953-02","1953","02","","","","","","","","","","","","","","","","","","",,"",,""
"1953-03","1953","03","","","","","","","","","","","","","","","","","","",,"",,""
"1953-04","1953","04","","","","","","","","","","","","","","","","","","",,"",,""
"1953-05","1953","05","","","","","","","","","","","","","","","","","","",,"",,""
"1953-06","1953","06","","","","","","","","","","","","","","","","","","",,"",,""
"1953-07","1953","07","","","","","","","","","","","","","","","","","","",,"",,""
"1953-08","1953","08","","","","","","","","","","","","","","","","","","",,"",,""
"1953-09","1953","09","","","","","","","","","","","","","","","","","","",,"",,""
"1953-10","1953","10","","","","","","","","","","","","","","","","","","",,"",,""
"1953-11","1953","11","","","","","","","","","","","","","","","","","","",,"",,""
"1953-12","1953","12","","","","","","","","","","","","","","","","","","",,"",,""
"1954-01","1954","01","","","","","","","","","","","","","","","","","","",,"",,""
"1954-02","1954","02","","","","","","","","","","","","","","","","","","",,"",,""
"1954-03","1954","03","","","","","","","","","","","","","","","","","","",,"",,""
"1954-04","1954","04","","","","","","","","","","","","","","","","","","",,"",,""
"1954-05","1954","05","","","","","","","","","","","","","","","","","","",,"",,""
"1954-06","1954","06","","","","","","","","","","","","","","","","","","",,"",,""
"1954-07","1954","07","","","","","","","","","","","","","","","","","","",,"",,""
"1954-08","1954","08","","","","","","","","","","","","","","","","","","",,"",,""
"1954-09","1954","09","","","","","","","","","","","","","","","","","","",,"",,""
"1954-10","1954","10","","","","","","","","","","","","","","","","","","",,"",,""
"1954-11","1954","11","","","","","","","","","","","","","","","","","","",,"",,""
"1954-12","1954","12","","","","","","","","","","","","","","","","","","",,"",,""
"1955-01","1955","01","","","","","","","","","","","","","","","","","","",,"",,""
"1955-02","1955","02","","","","","","","","","","","","","","","","","","",,"",,""
"1955-03","1955","03","","","","","","","","","","","","","","","","","","",,"",,""
"1955-04","1955","04","","","","","","","","","","","","","","","","","","",,"",,""
"1955-05","1955","05","","","","","","","","","","","","","","","","","","",,"",,""
"1955-06","1955","06","","","","","","","","","","","","","","","","","","",,"",,""
"1955-07","1955","07","","","","","","","","","","","","","","","","","","",,"",,""
"1955-08","1955","08","","","","","","","","","","","","","","","","","","",,"",,""
"1955-09","1955","09","","","","","","","","","","","","","","","","","","",,"",,""
"1955-10","1955","10","","","","","","","","","","","","","","","","","","",,"",,""
"1955-11","1955","11","","","","","","","","","","","","","","","","","","",,"",,""
"1955-12","1955","12","","","","","","","","","","","","","","","","","","",,"",,""
"1956-01","1956","01","","","","","","","","","","","","","","","","","","",,"",,""
"1956-02","1956","02","","","","","","","","","","","","","","","","","","",,"",,""
"1956-03","1956","03","","","","","","","","","","","","","","","","","","",,"",,""
"1956-04","1956","04","","","","","","","","","","","","","","","","","","",,"",,""
"1956-05","1956","05","","","","","","","","","","","","","","","","","","",,"",,""
"1956-06","1956","06","","","","","","","","","","","","","","","","","","",,"",,""
"1956-07","1956","07","","","","","","","","","","","","","","","","","","",,"",,""
"1956-08","1956","08","","","","","","","","","","","","","","","","","","",,"",,""
"1956-09","1956","09","","","","","","","","","","","","","","","","","","",,"",,""
"1956-10","1956","10","","","","","","","","","","","","","","","","","","",,"",,""
"1956-11","1956","11","","","","","","","","","","","","","","","","","","",,"",,""
"1956-12","1956","12","","","","","","","","","","","","","","","","","","",,"",,""
"1957-01","1957","01","","","","","","","","","","","","","","","","","","",,"",,""
"1957-02","1957","02","","","","","","","","","","","","","","","","","","",,"",,""
"1957-03","1957","03","","","","","","","","","","","","","","","","","","",,"",,""
"1957-04","1957","04","","","","","","","","","","","","","","","","","","",,"",,""
"1957-05","1957","05","","","","","","","","","","","","","","","","","","",,"",,""
"1957-06","1957","06","","","","","","","","","","","","","","","","","","",,"",,""
"1957-07","1957","07","","","","","","","","","","","","","","","","","","",,"",,""
"1957-08","1957","08","","","","","","","","","","","","","","","","","","",,"",,""
"1957-09","1957","09","","","","","","","","","","","","","","","","","","",,"",,""
"1957-10","1957","10","","","","","","","","","","","","","","","","","","",,"",,""
"1957-11","1957","11","","","","","","","","","","","","","","","","","","",,"",,""
"1957-12","1957","12","","","","","","","","","","","","","","","","","","",,"",,""
"1958-01","1958","01","","","","","","","","","","","","","","","","","","",,"",,""
"1958-02","1958","02","","","","","","","","","","","","","","","","","","",,"",,""
"1958-03","1958","03","","","","","","","","","","","","","","","","","","",,"",,""
"1958-04","1958","04","","","","","","","","","","","","","","","","","","",,"",,""
"1958-05","1958","05","","","","","","","","","","","","","","","","","","",,"",,""
"1958-06","1958","06","","","","","","","","","","","","","","","","","","",,"",,""
"1958-07","1958","07","","","","","","","","","","","","","","","","","","",,"",,""
"1958-08","1958","08","","","","","","","","","","","","","","","","","","",,"",,""
"1958-09","1958","09","","","","","","","","","","","","","","","","","","",,"",,""
"1958-10","1958","10","","","","","","","","","","","","","","","","","","",,"",,""
"1958-11","1958","11","","","","","","","","","","","","","","","","","","",,"",,""
"1958-12","1958","12","","","","","","","","","","","","","","","","","","",,"",,""
"1959-01","1959","01","","","","","","","","","","","","M","","M","","M","","",,"",,""
"1959-02","1959","02","","","","","","","","","","","","M","","M","","M","","",,"",,""
"1959-03","1959","03","","","","","","","","","","","","M","","M","","M","","",,"",,""
"1959-04","1959","04","","","","","","","","","","","","M","","M","","M","","",,"",,""
"1959-05","1959","05","","","","","","","","","","","","M","","M","","M","","",,"",,""
"1959-06","1959","06","","","","","","","","","","","","M","","M","","M","","",,"",,""
"1959-07","1959","07","","","","","","","","","","","","M","","M","","M","","",,"",,""
"1959-08","1959","08","","","","","","","","","","","","M","0.0","","","M","","",,"",,""
"1959-09","1959","09","","","","","","","","","","","64.5","","0.0","","64.5","","","",,"",,""
"1959-10","1959","10","","","","","","","","","","","113.5","","0.0","","113.5","","","",,"",,""
"1959-11","1959","11","","","","","","","","","","","57.9","","17.8","","75.7","","","",,"",,""
"1959-12","1959","12","","","","","","","","","","","35.3","","17.8","","53.1","","","",,"",,""
"1960-01","1960","01","","","","","","","","","","","","M","","M","","M","","",,"",,""
"1960-02","1960","02","","","","","","","","","","","","M","","M","","M","","",,"",,""
"1960-03","1960","03","","","","","","","","","","","","M","","M","","M","","",,"",,""
"1960-04","1960","04","","","","","","","","","","","","M","","M","","M","","",,"",,""
"1960-05","1960","05","","","","","","","","","","","","M","","M","","M","","",,"",,""
"1960-06","1960","06","","","","","","","","","","","","M","","M","","M","","",,"",,""
"1960-07","1960","07","","","","","","","","","","","","M","","M","","M","","",,"",,""
"1960-08","1960","08","","","","","","","","","","","","M","","M","","M","","",,"",,""
"1960-09","1960","09","","","","","","","","","","","","M","","M","","M","","",,"",,""
"1960-10","1960","10","","","","","","","","","","","","M","","M","","M","","",,"",,""
"1960-11","1960","11","","","","","","","","","","","","M","","M","","M","","",,"",,""
"1960-12","1960","12","","","","","","","","","","","2.3","","42.4","","44.7","","","",,"",,""
"1961-01","1961","01","","","","","","","","","","","0.0","","5.1","","5.1","","36","",,"",,""
"1961-02","1961","02","","","","","","","","","","","","M","","M","","M","","M",,"",,""
"1961-03","1961","03","","","","","","","","","","","","M","","M","","M","","M",,"",,""
"1961-04","1961","04","","","","","","","","","","","","M","","M","","M","","M",,"",,""
"1961-05","1961","05","","","","","","","","","","","","M","","M","","M","","M",,"",,""
"1961-06","1961","06","","","","","","","","","","","","M","","M","","M","","M",,"",,""
"1961-07","1961","07","","","","","","","","","","","","M","","M","","M","","M",,"",,""
"1961-08","1961","08","","","","","","","","","","","","M","","M","","M","","M",,"",,""
"1961-09","1961","09","","","","","","","","","","","","M","","M","","M","","M",,"",,""
"1961-10","1961","10","","","","","","","","","","","","M","","M","","M","","M",,"",,""
"1961-11","1961","11","","","","","","","","","","","","M","","M","","M","","M",,"",,""
"1961-12","1961","12","","","","","","","","","","","","M","","M","","M","","M",,"",,""
